{路径}ID.u16s	{路径}parent.u16	{}level.u8	{行政代码}cad.pt	{类型}type.en8	*{路径;词}name.PT@{词}pinyin.py
1	0	1	110000	直辖市	北京市
2	1	3	110101	市辖区	东城区
3	1	3	110102	市辖区	西城区
4	1	3	110105	市辖区	朝阳区
5	1	3	110106	市辖区	丰台区
6	1	3	110107	市辖区	石景山区
7	1	3	110108	市辖区	海淀区
8	1	3	110109	市辖区	门头沟区
9	1	3	110111	市辖区	房山区
10	1	3	110112	市辖区	通州区
11	1	3	110113	市辖区	顺义区
12	1	3	110114	市辖区	昌平区
13	1	3	110115	市辖区	大兴区
14	1	3	110116	市辖区	怀柔区
15	1	3	110117	市辖区	平谷区
16	1	3	110118	市辖区	密云区
17	1	3	110119	市辖区	延庆区
18	0	1	120000	直辖市	天津市
19	18	3	120101	市辖区	和平区
20	18	3	120102	市辖区	河东区
21	18	3	120103	市辖区	河西区
22	18	3	120104	市辖区	南开区
23	18	3	120105	市辖区	河北区
24	18	3	120106	市辖区	红桥区
25	18	3	120110	市辖区	东丽区
26	18	3	120111	市辖区	西青区
27	18	3	120112	市辖区	津南区
28	18	3	120113	市辖区	北辰区
29	18	3	120114	市辖区	武清区
30	18	3	120115	市辖区	宝坻区
31	18	3	120116	市辖区	滨海新区
32	18	3	120117	市辖区	宁河区
33	18	3	120118	市辖区	静海区
34	18	3	120119	市辖区	蓟州区
35	0	1	130000	省	河北省
36	35	2	130100	地级市	石家庄市
37	36	3	130102	市辖区	长安区
38	36	3	130104	市辖区	桥西区
39	36	3	130105	市辖区	新华区
40	36	3	130107	市辖区	井陉矿区
41	36	3	130108	市辖区	裕华区
42	36	3	130109	市辖区	藁城区
43	36	3	130110	市辖区	鹿泉区
44	36	3	130111	市辖区	栾城区
45	36	3	130121	县	井陉县
46	36	3	130123	县	正定县
47	36	3	130125	县	行唐县
48	36	3	130126	县	灵寿县
49	36	3	130127	县	高邑县
50	36	3	130128	县	深泽县
51	36	3	130129	县	赞皇县
52	36	3	130130	县	无极县
53	36	3	130131	县	平山县
54	36	3	130132	县	元氏县
55	36	3	130133	县	赵县
56	36	3	130181	县级市	辛集市
57	36	3	130183	县级市	晋州市
58	36	3	130184	县级市	新乐市
59	35	2	130200	地级市	唐山市
60	59	3	130202	市辖区	路南区
61	59	3	130203	市辖区	路北区
62	59	3	130204	市辖区	古冶区
63	59	3	130205	市辖区	开平区
64	59	3	130207	市辖区	丰南区
65	59	3	130208	市辖区	丰润区
66	59	3	130209	市辖区	曹妃甸区
67	59	3	130224	县	滦南县
68	59	3	130225	县	乐亭县
69	59	3	130227	县	迁西县
70	59	3	130229	县	玉田县
71	59	3	130281	县级市	遵化市
72	59	3	130283	县级市	迁安市
73	59	3	130284	县级市	滦州市
74	35	2	130300	地级市	秦皇岛市
75	74	3	130302	市辖区	海港区
76	74	3	130303	市辖区	山海关区
77	74	3	130304	市辖区	北戴河区
78	74	3	130306	市辖区	抚宁区
79	74	3	130321	自治县	青龙满族自治县
80	74	3	130322	县	昌黎县
81	74	3	130324	县	卢龙县
82	35	2	130400	地级市	邯郸市
83	82	3	130402	市辖区	邯山区
84	82	3	130403	市辖区	丛台区
85	82	3	130404	市辖区	复兴区
86	82	3	130406	市辖区	峰峰矿区
87	82	3	130407	市辖区	肥乡区
88	82	3	130408	市辖区	永年区
89	82	3	130423	县	临漳县
90	82	3	130424	县	成安县
91	82	3	130425	县	大名县
92	82	3	130426	县	涉县
93	82	3	130427	县	磁县
94	82	3	130430	县	邱县
95	82	3	130431	县	鸡泽县
96	82	3	130432	县	广平县
97	82	3	130433	县	馆陶县
98	82	3	130434	县	魏县
99	82	3	130435	县	曲周县
100	82	3	130481	县级市	武安市
101	35	2	130500	地级市	邢台市
102	101	3	130502	市辖区	襄都区
103	101	3	130503	市辖区	信都区
104	101	3	130505	市辖区	任泽区
105	101	3	130506	市辖区	南和区
106	101	3	130522	县	临城县
107	101	3	130523	县	内丘县
108	101	3	130524	县	柏乡县
109	101	3	130525	县	隆尧县
110	101	3	130528	县	宁晋县
111	101	3	130529	县	巨鹿县
112	101	3	130530	县	新河县
113	101	3	130531	县	广宗县
114	101	3	130532	县	平乡县
115	101	3	130533	县	威县
116	101	3	130534	县	清河县
117	101	3	130535	县	临西县
118	101	3	130581	县级市	南宫市
119	101	3	130582	县级市	沙河市
120	35	2	130600	地级市	保定市
121	120	3	130602	市辖区	竞秀区
122	120	3	130606	市辖区	莲池区
123	120	3	130607	市辖区	满城区
124	120	3	130608	市辖区	清苑区
125	120	3	130609	市辖区	徐水区
126	120	3	130623	县	涞水县
127	120	3	130624	县	阜平县
128	120	3	130626	县	定兴县
129	120	3	130627	县	唐县
130	120	3	130628	县	高阳县
131	120	3	130629	县	容城县
132	120	3	130630	县	涞源县
133	120	3	130631	县	望都县
134	120	3	130632	县	安新县
135	120	3	130633	县	易县
136	120	3	130634	县	曲阳县
137	120	3	130635	县	蠡县
138	120	3	130636	县	顺平县
139	120	3	130637	县	博野县
140	120	3	130638	县	雄县
141	120	3	130681	县级市	涿州市
142	120	3	130682	县级市	定州市
143	120	3	130683	县级市	安国市
144	120	3	130684	县级市	高碑店市
145	35	2	130700	地级市	张家口市
146	145	3	130702	市辖区	桥东区
147	145	3	130703	市辖区	桥西区
148	145	3	130705	市辖区	宣化区
149	145	3	130706	市辖区	下花园区
150	145	3	130708	市辖区	万全区
151	145	3	130709	市辖区	崇礼区
152	145	3	130722	县	张北县
153	145	3	130723	县	康保县
154	145	3	130724	县	沽源县
155	145	3	130725	县	尚义县
156	145	3	130726	县	蔚县
157	145	3	130727	县	阳原县
158	145	3	130728	县	怀安县
159	145	3	130730	县	怀来县
160	145	3	130731	县	涿鹿县
161	145	3	130732	县	赤城县
162	35	2	130800	地级市	承德市
163	162	3	130802	市辖区	双桥区
164	162	3	130803	市辖区	双滦区
165	162	3	130804	市辖区	鹰手营子矿区
166	162	3	130821	县	承德县
167	162	3	130822	县	兴隆县
168	162	3	130824	县	滦平县
169	162	3	130825	县	隆化县
170	162	3	130826	自治县	丰宁满族自治县
171	162	3	130827	自治县	宽城满族自治县
172	162	3	130828	自治县	围场满族蒙古族自治县
173	162	3	130881	县级市	平泉市
174	35	2	130900	地级市	沧州市
175	174	3	130902	市辖区	新华区
176	174	3	130903	市辖区	运河区
177	174	3	130921	县	沧县
178	174	3	130922	县	青县
179	174	3	130923	县	东光县
180	174	3	130924	县	海兴县
181	174	3	130925	县	盐山县
182	174	3	130926	县	肃宁县
183	174	3	130927	县	南皮县
184	174	3	130928	县	吴桥县
185	174	3	130929	县	献县
186	174	3	130930	自治县	孟村回族自治县
187	174	3	130981	县级市	泊头市
188	174	3	130982	县级市	任丘市
189	174	3	130983	县级市	黄骅市
190	174	3	130984	县级市	河间市
191	35	2	131000	地级市	廊坊市
192	191	3	131002	市辖区	安次区
193	191	3	131003	市辖区	广阳区
194	191	3	131022	县	固安县
195	191	3	131023	县	永清县
196	191	3	131024	县	香河县
197	191	3	131025	县	大城县
198	191	3	131026	县	文安县
199	191	3	131028	自治县	大厂回族自治县
200	191	3	131081	县级市	霸州市
201	191	3	131082	县级市	三河市
202	35	2	131100	地级市	衡水市
203	202	3	131102	市辖区	桃城区
204	202	3	131103	市辖区	冀州区
205	202	3	131121	县	枣强县
206	202	3	131122	县	武邑县
207	202	3	131123	县	武强县
208	202	3	131124	县	饶阳县
209	202	3	131125	县	安平县
210	202	3	131126	县	故城县
211	202	3	131127	县	景县
212	202	3	131128	县	阜城县
213	202	3	131182	县级市	深州市
214	0	1	140000	省	山西省
215	214	2	140100	地级市	太原市
216	215	3	140105	市辖区	小店区
217	215	3	140106	市辖区	迎泽区
218	215	3	140107	市辖区	杏花岭区
219	215	3	140108	市辖区	尖草坪区
220	215	3	140109	市辖区	万柏林区
221	215	3	140110	市辖区	晋源区
222	215	3	140121	县	清徐县
223	215	3	140122	县	阳曲县
224	215	3	140123	县	娄烦县
225	215	3	140181	县级市	古交市
226	214	2	140200	地级市	大同市
227	226	3	140212	市辖区	新荣区
228	226	3	140213	市辖区	平城区
229	226	3	140214	市辖区	云冈区
230	226	3	140215	市辖区	云州区
231	226	3	140221	县	阳高县
232	226	3	140222	县	天镇县
233	226	3	140223	县	广灵县
234	226	3	140224	县	灵丘县
235	226	3	140225	县	浑源县
236	226	3	140226	县	左云县
237	214	2	140300	地级市	阳泉市
238	237	3	140302	市辖区	城区
239	237	3	140303	市辖区	矿区
240	237	3	140311	市辖区	郊区
241	237	3	140321	县	平定县
242	237	3	140322	县	盂县
243	214	2	140400	地级市	长治市
244	243	3	140403	市辖区	潞州区
245	243	3	140404	市辖区	上党区
246	243	3	140405	市辖区	屯留区
247	243	3	140406	市辖区	潞城区
248	243	3	140423	县	襄垣县
249	243	3	140425	县	平顺县
250	243	3	140426	县	黎城县
251	243	3	140427	县	壶关县
252	243	3	140428	县	长子县
253	243	3	140429	县	武乡县
254	243	3	140430	县	沁县
255	243	3	140431	县	沁源县
256	214	2	140500	地级市	晋城市
257	256	3	140502	市辖区	城区
258	256	3	140521	县	沁水县
259	256	3	140522	县	阳城县
260	256	3	140524	县	陵川县
261	256	3	140525	县	泽州县
262	256	3	140581	县级市	高平市
263	214	2	140600	地级市	朔州市
264	263	3	140602	市辖区	朔城区
265	263	3	140603	市辖区	平鲁区
266	263	3	140621	县	山阴县
267	263	3	140622	县	应县
268	263	3	140623	县	右玉县
269	263	3	140681	县级市	怀仁市
270	214	2	140700	地级市	晋中市
271	270	3	140702	市辖区	榆次区
272	270	3	140703	市辖区	太谷区
273	270	3	140721	县	榆社县
274	270	3	140722	县	左权县
275	270	3	140723	县	和顺县
276	270	3	140724	县	昔阳县
277	270	3	140725	县	寿阳县
278	270	3	140727	县	祁县
279	270	3	140728	县	平遥县
280	270	3	140729	县	灵石县
281	270	3	140781	县级市	介休市
282	214	2	140800	地级市	运城市
283	282	3	140802	市辖区	盐湖区
284	282	3	140821	县	临猗县
285	282	3	140822	县	万荣县
286	282	3	140823	县	闻喜县
287	282	3	140824	县	稷山县
288	282	3	140825	县	新绛县
289	282	3	140826	县	绛县
290	282	3	140827	县	垣曲县
291	282	3	140828	县	夏县
292	282	3	140829	县	平陆县
293	282	3	140830	县	芮城县
294	282	3	140881	县级市	永济市
295	282	3	140882	县级市	河津市
296	214	2	140900	地级市	忻州市
297	296	3	140902	市辖区	忻府区
298	296	3	140921	县	定襄县
299	296	3	140922	县	五台县
300	296	3	140923	县	代县
301	296	3	140924	县	繁峙县
302	296	3	140925	县	宁武县
303	296	3	140926	县	静乐县
304	296	3	140927	县	神池县
305	296	3	140928	县	五寨县
306	296	3	140929	县	岢岚县
307	296	3	140930	县	河曲县
308	296	3	140931	县	保德县
309	296	3	140932	县	偏关县
310	296	3	140981	县级市	原平市
311	214	2	141000	地级市	临汾市
312	311	3	141002	市辖区	尧都区
313	311	3	141021	县	曲沃县
314	311	3	141022	县	翼城县
315	311	3	141023	县	襄汾县
316	311	3	141024	县	洪洞县
317	311	3	141025	县	古县
318	311	3	141026	县	安泽县
319	311	3	141027	县	浮山县
320	311	3	141028	县	吉县
321	311	3	141029	县	乡宁县
322	311	3	141030	县	大宁县
323	311	3	141031	县	隰县
324	311	3	141032	县	永和县
325	311	3	141033	县	蒲县
326	311	3	141034	县	汾西县
327	311	3	141081	县级市	侯马市
328	311	3	141082	县级市	霍州市
329	214	2	141100	地级市	吕梁市
330	329	3	141102	市辖区	离石区
331	329	3	141121	县	文水县
332	329	3	141122	县	交城县
333	329	3	141123	县	兴县
334	329	3	141124	县	临县
335	329	3	141125	县	柳林县
336	329	3	141126	县	石楼县
337	329	3	141127	县	岚县
338	329	3	141128	县	方山县
339	329	3	141129	县	中阳县
340	329	3	141130	县	交口县
341	329	3	141181	县级市	孝义市
342	329	3	141182	县级市	汾阳市
343	0	1	150000	自治区	内蒙古自治区
344	343	2	150100	地级市	呼和浩特市
345	344	3	150102	市辖区	新城区
346	344	3	150103	市辖区	回民区
347	344	3	150104	市辖区	玉泉区
348	344	3	150105	市辖区	赛罕区
349	344	3	150121	旗	土默特左旗
350	344	3	150122	县	托克托县
351	344	3	150123	县	和林格尔县
352	344	3	150124	县	清水河县
353	344	3	150125	县	武川县
354	343	2	150200	地级市	包头市
355	354	3	150202	市辖区	东河区
356	354	3	150203	市辖区	昆都仑区
357	354	3	150204	市辖区	青山区
358	354	3	150205	市辖区	石拐区
359	354	3	150206	市辖区	白云鄂博矿区
360	354	3	150207	市辖区	九原区
361	354	3	150221	旗	土默特右旗
362	354	3	150222	县	固阳县
363	354	3	150223	旗	达尔罕茂明安联合旗
364	343	2	150300	地级市	乌海市
365	364	3	150302	市辖区	海勃湾区
366	364	3	150303	市辖区	海南区
367	364	3	150304	市辖区	乌达区
368	343	2	150400	地级市	赤峰市
369	368	3	150402	市辖区	红山区
370	368	3	150403	市辖区	元宝山区
371	368	3	150404	市辖区	松山区
372	368	3	150421	旗	阿鲁科尔沁旗
373	368	3	150422	旗	巴林左旗
374	368	3	150423	旗	巴林右旗
375	368	3	150424	县	林西县
376	368	3	150425	旗	克什克腾旗
377	368	3	150426	旗	翁牛特旗
378	368	3	150428	旗	喀喇沁旗
379	368	3	150429	县	宁城县
380	368	3	150430	旗	敖汉旗
381	343	2	150500	地级市	通辽市
382	381	3	150502	市辖区	科尔沁区
383	381	3	150521	旗	科尔沁左翼中旗
384	381	3	150522	旗	科尔沁左翼后旗
385	381	3	150523	县	开鲁县
386	381	3	150524	旗	库伦旗
387	381	3	150525	旗	奈曼旗
388	381	3	150526	旗	扎鲁特旗
389	381	3	150581	县级市	霍林郭勒市
390	343	2	150600	地级市	鄂尔多斯市
391	390	3	150602	市辖区	东胜区
392	390	3	150603	市辖区	康巴什区
393	390	3	150621	旗	达拉特旗
394	390	3	150622	旗	准格尔旗
395	390	3	150623	旗	鄂托克前旗
396	390	3	150624	旗	鄂托克旗
397	390	3	150625	旗	杭锦旗
398	390	3	150626	旗	乌审旗
399	390	3	150627	旗	伊金霍洛旗
400	343	2	150700	地级市	呼伦贝尔市
401	400	3	150702	市辖区	海拉尔区
402	400	3	150703	市辖区	扎赉诺尔区
403	400	3	150721	旗	阿荣旗
404	400	3	150722	自治旗	莫力达瓦达斡尔族自治旗
405	400	3	150723	自治旗	鄂伦春自治旗
406	400	3	150724	自治旗	鄂温克族自治旗
407	400	3	150725	旗	陈巴尔虎旗
408	400	3	150726	旗	新巴尔虎左旗
409	400	3	150727	旗	新巴尔虎右旗
410	400	3	150781	县级市	满洲里市
411	400	3	150782	县级市	牙克石市
412	400	3	150783	县级市	扎兰屯市
413	400	3	150784	县级市	额尔古纳市
414	400	3	150785	县级市	根河市
415	343	2	150800	地级市	巴彦淖尔市
416	415	3	150802	市辖区	临河区
417	415	3	150821	县	五原县
418	415	3	150822	县	磴口县
419	415	3	150823	旗	乌拉特前旗
420	415	3	150824	旗	乌拉特中旗
421	415	3	150825	旗	乌拉特后旗
422	415	3	150826	旗	杭锦后旗
423	343	2	150900	地级市	乌兰察布市
424	423	3	150902	市辖区	集宁区
425	423	3	150921	县	卓资县
426	423	3	150922	县	化德县
427	423	3	150923	县	商都县
428	423	3	150924	县	兴和县
429	423	3	150925	县	凉城县
430	423	3	150926	旗	察哈尔右翼前旗
431	423	3	150927	旗	察哈尔右翼中旗
432	423	3	150928	旗	察哈尔右翼后旗
433	423	3	150929	旗	四子王旗
434	423	3	150981	县级市	丰镇市
435	343	2	152200	盟	兴安盟
436	435	3	152201	县级市	乌兰浩特市
437	435	3	152202	县级市	阿尔山市
438	435	3	152221	旗	科尔沁右翼前旗
439	435	3	152222	旗	科尔沁右翼中旗
440	435	3	152223	旗	扎赉特旗
441	435	3	152224	县	突泉县
442	343	2	152500	盟	锡林郭勒盟
443	442	3	152501	县级市	二连浩特市
444	442	3	152502	县级市	锡林浩特市
445	442	3	152522	旗	阿巴嘎旗
446	442	3	152523	旗	苏尼特左旗
447	442	3	152524	旗	苏尼特右旗
448	442	3	152525	旗	东乌珠穆沁旗
449	442	3	152526	旗	西乌珠穆沁旗
450	442	3	152527	旗	太仆寺旗
451	442	3	152528	旗	镶黄旗
452	442	3	152529	旗	正镶白旗
453	442	3	152530	旗	正蓝旗
454	442	3	152531	县	多伦县
455	343	2	152900	盟	阿拉善盟
456	455	3	152921	旗	阿拉善左旗
457	455	3	152922	旗	阿拉善右旗
458	455	3	152923	旗	额济纳旗
459	0	1	210000	省	辽宁省
460	459	2	210100	地级市	沈阳市
461	460	3	210102	市辖区	和平区
462	460	3	210103	市辖区	沈河区
463	460	3	210104	市辖区	大东区
464	460	3	210105	市辖区	皇姑区
465	460	3	210106	市辖区	铁西区
466	460	3	210111	市辖区	苏家屯区
467	460	3	210112	市辖区	浑南区
468	460	3	210113	市辖区	沈北新区
469	460	3	210114	市辖区	于洪区
470	460	3	210115	市辖区	辽中区
471	460	3	210123	县	康平县
472	460	3	210124	县	法库县
473	460	3	210181	县级市	新民市
474	459	2	210200	地级市	大连市
475	474	3	210202	市辖区	中山区
476	474	3	210203	市辖区	西岗区
477	474	3	210204	市辖区	沙河口区
478	474	3	210211	市辖区	甘井子区
479	474	3	210212	市辖区	旅顺口区
480	474	3	210213	市辖区	金州区
481	474	3	210214	市辖区	普兰店区
482	474	3	210224	县	长海县
483	474	3	210281	县级市	瓦房店市
484	474	3	210283	县级市	庄河市
485	459	2	210300	地级市	鞍山市
486	485	3	210302	市辖区	铁东区
487	485	3	210303	市辖区	铁西区
488	485	3	210304	市辖区	立山区
489	485	3	210311	市辖区	千山区
490	485	3	210321	县	台安县
491	485	3	210323	自治县	岫岩满族自治县
492	485	3	210381	县级市	海城市
493	459	2	210400	地级市	抚顺市
494	493	3	210402	市辖区	新抚区
495	493	3	210403	市辖区	东洲区
496	493	3	210404	市辖区	望花区
497	493	3	210411	市辖区	顺城区
498	493	3	210421	县	抚顺县
499	493	3	210422	自治县	新宾满族自治县
500	493	3	210423	自治县	清原满族自治县
501	459	2	210500	地级市	本溪市
502	501	3	210502	市辖区	平山区
503	501	3	210503	市辖区	溪湖区
504	501	3	210504	市辖区	明山区
505	501	3	210505	市辖区	南芬区
506	501	3	210521	自治县	本溪满族自治县
507	501	3	210522	自治县	桓仁满族自治县
508	459	2	210600	地级市	丹东市
509	508	3	210602	市辖区	元宝区
510	508	3	210603	市辖区	振兴区
511	508	3	210604	市辖区	振安区
512	508	3	210624	自治县	宽甸满族自治县
513	508	3	210681	县级市	东港市
514	508	3	210682	县级市	凤城市
515	459	2	210700	地级市	锦州市
516	515	3	210702	市辖区	古塔区
517	515	3	210703	市辖区	凌河区
518	515	3	210711	市辖区	太和区
519	515	3	210726	县	黑山县
520	515	3	210727	县	义县
521	515	3	210781	县级市	凌海市
522	515	3	210782	县级市	北镇市
523	459	2	210800	地级市	营口市
524	523	3	210802	市辖区	站前区
525	523	3	210803	市辖区	西市区
526	523	3	210804	市辖区	鲅鱼圈区
527	523	3	210811	市辖区	老边区
528	523	3	210881	县级市	盖州市
529	523	3	210882	县级市	大石桥市
530	459	2	210900	地级市	阜新市
531	530	3	210902	市辖区	海州区
532	530	3	210903	市辖区	新邱区
533	530	3	210904	市辖区	太平区
534	530	3	210905	市辖区	清河门区
535	530	3	210911	市辖区	细河区
536	530	3	210921	自治县	阜新蒙古族自治县
537	530	3	210922	县	彰武县
538	459	2	211000	地级市	辽阳市
539	538	3	211002	市辖区	白塔区
540	538	3	211003	市辖区	文圣区
541	538	3	211004	市辖区	宏伟区
542	538	3	211005	市辖区	弓长岭区
543	538	3	211011	市辖区	太子河区
544	538	3	211021	县	辽阳县
545	538	3	211081	县级市	灯塔市
546	459	2	211100	地级市	盘锦市
547	546	3	211102	市辖区	双台子区
548	546	3	211103	市辖区	兴隆台区
549	546	3	211104	市辖区	大洼区
550	546	3	211122	县	盘山县
551	459	2	211200	地级市	铁岭市
552	551	3	211202	市辖区	银州区
553	551	3	211204	市辖区	清河区
554	551	3	211221	县	铁岭县
555	551	3	211223	县	西丰县
556	551	3	211224	县	昌图县
557	551	3	211281	县级市	调兵山市
558	551	3	211282	县级市	开原市
559	459	2	211300	地级市	朝阳市
560	559	3	211302	市辖区	双塔区
561	559	3	211303	市辖区	龙城区
562	559	3	211321	县	朝阳县
563	559	3	211322	县	建平县
564	559	3	211324	自治县	喀喇沁左翼蒙古族自治县
565	559	3	211381	县级市	北票市
566	559	3	211382	县级市	凌源市
567	459	2	211400	地级市	葫芦岛市
568	567	3	211402	市辖区	连山区
569	567	3	211403	市辖区	龙港区
570	567	3	211404	市辖区	南票区
571	567	3	211421	县	绥中县
572	567	3	211422	县	建昌县
573	567	3	211481	县级市	兴城市
574	0	1	220000	省	吉林省
575	574	2	220100	地级市	长春市
576	575	3	220102	市辖区	南关区
577	575	3	220103	市辖区	宽城区
578	575	3	220104	市辖区	朝阳区
579	575	3	220105	市辖区	二道区
580	575	3	220106	市辖区	绿园区
581	575	3	220112	市辖区	双阳区
582	575	3	220113	市辖区	九台区
583	575	3	220122	县	农安县
584	575	3	220182	县级市	榆树市
585	575	3	220183	县级市	德惠市
586	575	3	220184	县级市	公主岭市
587	574	2	220200	地级市	吉林市
588	587	3	220202	市辖区	昌邑区
589	587	3	220203	市辖区	龙潭区
590	587	3	220204	市辖区	船营区
591	587	3	220211	市辖区	丰满区
592	587	3	220221	县	永吉县
593	587	3	220281	县级市	蛟河市
594	587	3	220282	县级市	桦甸市
595	587	3	220283	县级市	舒兰市
596	587	3	220284	县级市	磐石市
597	574	2	220300	地级市	四平市
598	597	3	220302	市辖区	铁西区
599	597	3	220303	市辖区	铁东区
600	597	3	220322	县	梨树县
601	597	3	220323	自治县	伊通满族自治县
602	597	3	220382	县级市	双辽市
603	574	2	220400	地级市	辽源市
604	603	3	220402	市辖区	龙山区
605	603	3	220403	市辖区	西安区
606	603	3	220421	县	东丰县
607	603	3	220422	县	东辽县
608	574	2	220500	地级市	通化市
609	608	3	220502	市辖区	东昌区
610	608	3	220503	市辖区	二道江区
611	608	3	220521	县	通化县
612	608	3	220523	县	辉南县
613	608	3	220524	县	柳河县
614	608	3	220581	县级市	梅河口市
615	608	3	220582	县级市	集安市
616	574	2	220600	地级市	白山市
617	616	3	220602	市辖区	浑江区
618	616	3	220605	市辖区	江源区
619	616	3	220621	县	抚松县
620	616	3	220622	县	靖宇县
621	616	3	220623	自治县	长白朝鲜族自治县
622	616	3	220681	县级市	临江市
623	574	2	220700	地级市	松原市
624	623	3	220702	市辖区	宁江区
625	623	3	220721	自治县	前郭尔罗斯蒙古族自治县
626	623	3	220722	县	长岭县
627	623	3	220723	县	乾安县
628	623	3	220781	县级市	扶余市
629	574	2	220800	地级市	白城市
630	629	3	220802	市辖区	洮北区
631	629	3	220821	县	镇赉县
632	629	3	220822	县	通榆县
633	629	3	220881	县级市	洮南市
634	629	3	220882	县级市	大安市
635	574	2	222400	自治州	延边朝鲜族自治州
636	635	3	222401	县级市	延吉市
637	635	3	222402	县级市	图们市
638	635	3	222403	县级市	敦化市
639	635	3	222404	县级市	珲春市
640	635	3	222405	县级市	龙井市
641	635	3	222406	县级市	和龙市
642	635	3	222424	县	汪清县
643	635	3	222426	县	安图县
644	0	1	230000	省	黑龙江省
645	644	2	230100	地级市	哈尔滨市
646	645	3	230102	市辖区	道里区
647	645	3	230103	市辖区	南岗区
648	645	3	230104	市辖区	道外区
649	645	3	230108	市辖区	平房区
650	645	3	230109	市辖区	松北区
651	645	3	230110	市辖区	香坊区
652	645	3	230111	市辖区	呼兰区
653	645	3	230112	市辖区	阿城区
654	645	3	230113	市辖区	双城区
655	645	3	230123	县	依兰县
656	645	3	230124	县	方正县
657	645	3	230125	县	宾县
658	645	3	230126	县	巴彦县
659	645	3	230127	县	木兰县
660	645	3	230128	县	通河县
661	645	3	230129	县	延寿县
662	645	3	230183	县级市	尚志市
663	645	3	230184	县级市	五常市
664	644	2	230200	地级市	齐齐哈尔市
665	664	3	230202	市辖区	龙沙区
666	664	3	230203	市辖区	建华区
667	664	3	230204	市辖区	铁锋区
668	664	3	230205	市辖区	昂昂溪区
669	664	3	230206	市辖区	富拉尔基区
670	664	3	230207	市辖区	碾子山区
671	664	3	230208	市辖区	梅里斯达斡尔族区
672	664	3	230221	县	龙江县
673	664	3	230223	县	依安县
674	664	3	230224	县	泰来县
675	664	3	230225	县	甘南县
676	664	3	230227	县	富裕县
677	664	3	230229	县	克山县
678	664	3	230230	县	克东县
679	664	3	230231	县	拜泉县
680	664	3	230281	县级市	讷河市
681	644	2	230300	地级市	鸡西市
682	681	3	230302	市辖区	鸡冠区
683	681	3	230303	市辖区	恒山区
684	681	3	230304	市辖区	滴道区
685	681	3	230305	市辖区	梨树区
686	681	3	230306	市辖区	城子河区
687	681	3	230307	市辖区	麻山区
688	681	3	230321	县	鸡东县
689	681	3	230381	县级市	虎林市
690	681	3	230382	县级市	密山市
691	644	2	230400	地级市	鹤岗市
692	691	3	230402	市辖区	向阳区
693	691	3	230403	市辖区	工农区
694	691	3	230404	市辖区	南山区
695	691	3	230405	市辖区	兴安区
696	691	3	230406	市辖区	东山区
697	691	3	230407	市辖区	兴山区
698	691	3	230421	县	萝北县
699	691	3	230422	县	绥滨县
700	644	2	230500	地级市	双鸭山市
701	700	3	230502	市辖区	尖山区
702	700	3	230503	市辖区	岭东区
703	700	3	230505	市辖区	四方台区
704	700	3	230506	市辖区	宝山区
705	700	3	230521	县	集贤县
706	700	3	230522	县	友谊县
707	700	3	230523	县	宝清县
708	700	3	230524	县	饶河县
709	644	2	230600	地级市	大庆市
710	709	3	230602	市辖区	萨尔图区
711	709	3	230603	市辖区	龙凤区
712	709	3	230604	市辖区	让胡路区
713	709	3	230605	市辖区	红岗区
714	709	3	230606	市辖区	大同区
715	709	3	230621	县	肇州县
716	709	3	230622	县	肇源县
717	709	3	230623	县	林甸县
718	709	3	230624	自治县	杜尔伯特蒙古族自治县
719	644	2	230700	地级市	伊春市
720	719	3	230717	市辖区	伊美区
721	719	3	230718	市辖区	乌翠区
722	719	3	230719	市辖区	友好区
723	719	3	230722	县	嘉荫县
724	719	3	230723	县	汤旺县
725	719	3	230724	县	丰林县
726	719	3	230725	县	大箐山县
727	719	3	230726	县	南岔县
728	719	3	230751	市辖区	金林区
729	719	3	230781	县级市	铁力市
730	644	2	230800	地级市	佳木斯市
731	730	3	230803	市辖区	向阳区
732	730	3	230804	市辖区	前进区
733	730	3	230805	市辖区	东风区
734	730	3	230811	市辖区	郊区
735	730	3	230822	县	桦南县
736	730	3	230826	县	桦川县
737	730	3	230828	县	汤原县
738	730	3	230881	县级市	同江市
739	730	3	230882	县级市	富锦市
740	730	3	230883	县级市	抚远市
741	644	2	230900	地级市	七台河市
742	741	3	230902	市辖区	新兴区
743	741	3	230903	市辖区	桃山区
744	741	3	230904	市辖区	茄子河区
745	741	3	230921	县	勃利县
746	644	2	231000	地级市	牡丹江市
747	746	3	231002	市辖区	东安区
748	746	3	231003	市辖区	阳明区
749	746	3	231004	市辖区	爱民区
750	746	3	231005	市辖区	西安区
751	746	3	231025	县	林口县
752	746	3	231081	县级市	绥芬河市
753	746	3	231083	县级市	海林市
754	746	3	231084	县级市	宁安市
755	746	3	231085	县级市	穆棱市
756	746	3	231086	县级市	东宁市
757	644	2	231100	地级市	黑河市
758	757	3	231102	市辖区	爱辉区
759	757	3	231123	县	逊克县
760	757	3	231124	县	孙吴县
761	757	3	231181	县级市	北安市
762	757	3	231182	县级市	五大连池市
763	757	3	231183	县级市	嫩江市
764	644	2	231200	地级市	绥化市
765	764	3	231202	市辖区	北林区
766	764	3	231221	县	望奎县
767	764	3	231222	县	兰西县
768	764	3	231223	县	青冈县
769	764	3	231224	县	庆安县
770	764	3	231225	县	明水县
771	764	3	231226	县	绥棱县
772	764	3	231281	县级市	安达市
773	764	3	231282	县级市	肇东市
774	764	3	231283	县级市	海伦市
775	644	2	232700	地区	大兴安岭地区
776	775	3	232701	县级市	漠河市
777	775	3	232721	县	呼玛县
778	775	3	232722	县	塔河县
779	0	1	310000	直辖市	上海市
780	779	3	310101	市辖区	黄浦区
781	779	3	310104	市辖区	徐汇区
782	779	3	310105	市辖区	长宁区
783	779	3	310106	市辖区	静安区
784	779	3	310107	市辖区	普陀区
785	779	3	310109	市辖区	虹口区
786	779	3	310110	市辖区	杨浦区
787	779	3	310112	市辖区	闵行区
788	779	3	310113	市辖区	宝山区
789	779	3	310114	市辖区	嘉定区
790	779	3	310115	市辖区	浦东新区
791	779	3	310116	市辖区	金山区
792	779	3	310117	市辖区	松江区
793	779	3	310118	市辖区	青浦区
794	779	3	310120	市辖区	奉贤区
795	779	3	310151	市辖区	崇明区
796	0	1	320000	省	江苏省
797	796	2	320100	地级市	南京市
798	797	3	320102	市辖区	玄武区
799	797	3	320104	市辖区	秦淮区
800	797	3	320105	市辖区	建邺区
801	797	3	320106	市辖区	鼓楼区
802	797	3	320111	市辖区	浦口区
803	797	3	320113	市辖区	栖霞区
804	797	3	320114	市辖区	雨花台区
805	797	3	320115	市辖区	江宁区
806	797	3	320116	市辖区	六合区
807	797	3	320117	市辖区	溧水区
808	797	3	320118	市辖区	高淳区
809	796	2	320200	地级市	无锡市
810	809	3	320205	市辖区	锡山区
811	809	3	320206	市辖区	惠山区
812	809	3	320211	市辖区	滨湖区
813	809	3	320213	市辖区	梁溪区
814	809	3	320214	市辖区	新吴区
815	809	3	320281	县级市	江阴市
816	809	3	320282	县级市	宜兴市
817	796	2	320300	地级市	徐州市
818	817	3	320302	市辖区	鼓楼区
819	817	3	320303	市辖区	云龙区
820	817	3	320305	市辖区	贾汪区
821	817	3	320311	市辖区	泉山区
822	817	3	320312	市辖区	铜山区
823	817	3	320321	县	丰县
824	817	3	320322	县	沛县
825	817	3	320324	县	睢宁县
826	817	3	320381	县级市	新沂市
827	817	3	320382	县级市	邳州市
828	796	2	320400	地级市	常州市
829	828	3	320402	市辖区	天宁区
830	828	3	320404	市辖区	钟楼区
831	828	3	320411	市辖区	新北区
832	828	3	320412	市辖区	武进区
833	828	3	320413	市辖区	金坛区
834	828	3	320481	县级市	溧阳市
835	796	2	320500	地级市	苏州市
836	835	3	320505	市辖区	虎丘区
837	835	3	320506	市辖区	吴中区
838	835	3	320507	市辖区	相城区
839	835	3	320508	市辖区	姑苏区
840	835	3	320509	市辖区	吴江区
841	835	3	320581	县级市	常熟市
842	835	3	320582	县级市	张家港市
843	835	3	320583	县级市	昆山市
844	835	3	320585	县级市	太仓市
845	796	2	320600	地级市	南通市
846	845	3	320612	市辖区	通州区
847	845	3	320613	市辖区	崇川区
848	845	3	320614	市辖区	海门区
849	845	3	320623	县	如东县
850	845	3	320681	县级市	启东市
851	845	3	320682	县级市	如皋市
852	845	3	320685	县级市	海安市
853	796	2	320700	地级市	连云港市
854	853	3	320703	市辖区	连云区
855	853	3	320706	市辖区	海州区
856	853	3	320707	市辖区	赣榆区
857	853	3	320722	县	东海县
858	853	3	320723	县	灌云县
859	853	3	320724	县	灌南县
860	796	2	320800	地级市	淮安市
861	860	3	320803	市辖区	淮安区
862	860	3	320804	市辖区	淮阴区
863	860	3	320812	市辖区	清江浦区
864	860	3	320813	市辖区	洪泽区
865	860	3	320826	县	涟水县
866	860	3	320830	县	盱眙县
867	860	3	320831	县	金湖县
868	796	2	320900	地级市	盐城市
869	868	3	320902	市辖区	亭湖区
870	868	3	320903	市辖区	盐都区
871	868	3	320904	市辖区	大丰区
872	868	3	320921	县	响水县
873	868	3	320922	县	滨海县
874	868	3	320923	县	阜宁县
875	868	3	320924	县	射阳县
876	868	3	320925	县	建湖县
877	868	3	320981	县级市	东台市
878	796	2	321000	地级市	扬州市
879	878	3	321002	市辖区	广陵区
880	878	3	321003	市辖区	邗江区
881	878	3	321012	市辖区	江都区
882	878	3	321023	县	宝应县
883	878	3	321081	县级市	仪征市
884	878	3	321084	县级市	高邮市
885	796	2	321100	地级市	镇江市
886	885	3	321102	市辖区	京口区
887	885	3	321111	市辖区	润州区
888	885	3	321112	市辖区	丹徒区
889	885	3	321181	县级市	丹阳市
890	885	3	321182	县级市	扬中市
891	885	3	321183	县级市	句容市
892	796	2	321200	地级市	泰州市
893	892	3	321202	市辖区	海陵区
894	892	3	321203	市辖区	高港区
895	892	3	321204	市辖区	姜堰区
896	892	3	321281	县级市	兴化市
897	892	3	321282	县级市	靖江市
898	892	3	321283	县级市	泰兴市
899	796	2	321300	地级市	宿迁市
900	899	3	321302	市辖区	宿城区
901	899	3	321311	市辖区	宿豫区
902	899	3	321322	县	沭阳县
903	899	3	321323	县	泗阳县
904	899	3	321324	县	泗洪县
905	0	1	330000	省	浙江省
906	905	2	330100	地级市	杭州市
907	906	3	330102	市辖区	上城区
908	906	3	330105	市辖区	拱墅区
909	906	3	330106	市辖区	西湖区
910	906	3	330108	市辖区	滨江区
911	906	3	330109	市辖区	萧山区
912	906	3	330110	市辖区	余杭区
913	906	3	330111	市辖区	富阳区
914	906	3	330112	市辖区	临安区
915	906	3	330113	市辖区	临平区
916	906	3	330114	市辖区	钱塘区
917	906	3	330122	县	桐庐县
918	906	3	330127	县	淳安县
919	906	3	330182	县级市	建德市
920	905	2	330200	地级市	宁波市
921	920	3	330203	市辖区	海曙区
922	920	3	330205	市辖区	江北区
923	920	3	330206	市辖区	北仑区
924	920	3	330211	市辖区	镇海区
925	920	3	330212	市辖区	鄞州区
926	920	3	330213	市辖区	奉化区
927	920	3	330225	县	象山县
928	920	3	330226	县	宁海县
929	920	3	330281	县级市	余姚市
930	920	3	330282	县级市	慈溪市
931	905	2	330300	地级市	温州市
932	931	3	330302	市辖区	鹿城区
933	931	3	330303	市辖区	龙湾区
934	931	3	330304	市辖区	瓯海区
935	931	3	330305	市辖区	洞头区
936	931	3	330324	县	永嘉县
937	931	3	330326	县	平阳县
938	931	3	330327	县	苍南县
939	931	3	330328	县	文成县
940	931	3	330329	县	泰顺县
941	931	3	330381	县级市	瑞安市
942	931	3	330382	县级市	乐清市
943	931	3	330383	县级市	龙港市
944	905	2	330400	地级市	嘉兴市
945	944	3	330402	市辖区	南湖区
946	944	3	330411	市辖区	秀洲区
947	944	3	330421	县	嘉善县
948	944	3	330424	县	海盐县
949	944	3	330481	县级市	海宁市
950	944	3	330482	县级市	平湖市
951	944	3	330483	县级市	桐乡市
952	905	2	330500	地级市	湖州市
953	952	3	330502	市辖区	吴兴区
954	952	3	330503	市辖区	南浔区
955	952	3	330521	县	德清县
956	952	3	330522	县	长兴县
957	952	3	330523	县	安吉县
958	905	2	330600	地级市	绍兴市
959	958	3	330602	市辖区	越城区
960	958	3	330603	市辖区	柯桥区
961	958	3	330604	市辖区	上虞区
962	958	3	330624	县	新昌县
963	958	3	330681	县级市	诸暨市
964	958	3	330683	县级市	嵊州市
965	905	2	330700	地级市	金华市
966	965	3	330702	市辖区	婺城区
967	965	3	330703	市辖区	金东区
968	965	3	330723	县	武义县
969	965	3	330726	县	浦江县
970	965	3	330727	县	磐安县
971	965	3	330781	县级市	兰溪市
972	965	3	330782	县级市	义乌市
973	965	3	330783	县级市	东阳市
974	965	3	330784	县级市	永康市
975	905	2	330800	地级市	衢州市
976	975	3	330802	市辖区	柯城区
977	975	3	330803	市辖区	衢江区
978	975	3	330822	县	常山县
979	975	3	330824	县	开化县
980	975	3	330825	县	龙游县
981	975	3	330881	县级市	江山市
982	905	2	330900	地级市	舟山市
983	982	3	330902	市辖区	定海区
984	982	3	330903	市辖区	普陀区
985	982	3	330921	县	岱山县
986	982	3	330922	县	嵊泗县
987	905	2	331000	地级市	台州市
988	987	3	331002	市辖区	椒江区
989	987	3	331003	市辖区	黄岩区
990	987	3	331004	市辖区	路桥区
991	987	3	331022	县	三门县
992	987	3	331023	县	天台县
993	987	3	331024	县	仙居县
994	987	3	331081	县级市	温岭市
995	987	3	331082	县级市	临海市
996	987	3	331083	县级市	玉环市
997	905	2	331100	地级市	丽水市
998	997	3	331102	市辖区	莲都区
999	997	3	331121	县	青田县
1000	997	3	331122	县	缙云县
1001	997	3	331123	县	遂昌县
1002	997	3	331124	县	松阳县
1003	997	3	331125	县	云和县
1004	997	3	331126	县	庆元县
1005	997	3	331127	自治县	景宁畲族自治县
1006	997	3	331181	县级市	龙泉市
1007	0	1	340000	省	安徽省
1008	1007	2	340100	地级市	合肥市
1009	1008	3	340102	市辖区	瑶海区
1010	1008	3	340103	市辖区	庐阳区
1011	1008	3	340104	市辖区	蜀山区
1012	1008	3	340111	市辖区	包河区
1013	1008	3	340121	县	长丰县
1014	1008	3	340122	县	肥东县
1015	1008	3	340123	县	肥西县
1016	1008	3	340124	县	庐江县
1017	1008	3	340181	县级市	巢湖市
1018	1007	2	340200	地级市	芜湖市
1019	1018	3	340202	市辖区	镜湖区
1020	1018	3	340207	市辖区	鸠江区
1021	1018	3	340209	市辖区	弋江区
1022	1018	3	340210	市辖区	湾沚区
1023	1018	3	340212	市辖区	繁昌区
1024	1018	3	340223	县	南陵县
1025	1018	3	340281	县级市	无为市
1026	1007	2	340300	地级市	蚌埠市
1027	1026	3	340302	市辖区	龙子湖区
1028	1026	3	340303	市辖区	蚌山区
1029	1026	3	340304	市辖区	禹会区
1030	1026	3	340311	市辖区	淮上区
1031	1026	3	340321	县	怀远县
1032	1026	3	340322	县	五河县
1033	1026	3	340323	县	固镇县
1034	1007	2	340400	地级市	淮南市
1035	1034	3	340402	市辖区	大通区
1036	1034	3	340403	市辖区	田家庵区
1037	1034	3	340404	市辖区	谢家集区
1038	1034	3	340405	市辖区	八公山区
1039	1034	3	340406	市辖区	潘集区
1040	1034	3	340421	县	凤台县
1041	1034	3	340422	县	寿县
1042	1007	2	340500	地级市	马鞍山市
1043	1042	3	340503	市辖区	花山区
1044	1042	3	340504	市辖区	雨山区
1045	1042	3	340506	市辖区	博望区
1046	1042	3	340521	县	当涂县
1047	1042	3	340522	县	含山县
1048	1042	3	340523	县	和县
1049	1007	2	340600	地级市	淮北市
1050	1049	3	340602	市辖区	杜集区
1051	1049	3	340603	市辖区	相山区
1052	1049	3	340604	市辖区	烈山区
1053	1049	3	340621	县	濉溪县
1054	1007	2	340700	地级市	铜陵市
1055	1054	3	340705	市辖区	铜官区
1056	1054	3	340706	市辖区	义安区
1057	1054	3	340711	市辖区	郊区
1058	1054	3	340722	县	枞阳县
1059	1007	2	340800	地级市	安庆市
1060	1059	3	340802	市辖区	迎江区
1061	1059	3	340803	市辖区	大观区
1062	1059	3	340811	市辖区	宜秀区
1063	1059	3	340822	县	怀宁县
1064	1059	3	340825	县	太湖县
1065	1059	3	340826	县	宿松县
1066	1059	3	340827	县	望江县
1067	1059	3	340828	县	岳西县
1068	1059	3	340881	县级市	桐城市
1069	1059	3	340882	县级市	潜山市
1070	1007	2	341000	地级市	黄山市
1071	1070	3	341002	市辖区	屯溪区
1072	1070	3	341003	市辖区	黄山区
1073	1070	3	341004	市辖区	徽州区
1074	1070	3	341021	县	歙县
1075	1070	3	341022	县	休宁县
1076	1070	3	341023	县	黟县
1077	1070	3	341024	县	祁门县
1078	1007	2	341100	地级市	滁州市
1079	1078	3	341102	市辖区	琅琊区
1080	1078	3	341103	市辖区	南谯区
1081	1078	3	341122	县	来安县
1082	1078	3	341124	县	全椒县
1083	1078	3	341125	县	定远县
1084	1078	3	341126	县	凤阳县
1085	1078	3	341181	县级市	天长市
1086	1078	3	341182	县级市	明光市
1087	1007	2	341200	地级市	阜阳市
1088	1087	3	341202	市辖区	颍州区
1089	1087	3	341203	市辖区	颍东区
1090	1087	3	341204	市辖区	颍泉区
1091	1087	3	341221	县	临泉县
1092	1087	3	341222	县	太和县
1093	1087	3	341225	县	阜南县
1094	1087	3	341226	县	颍上县
1095	1087	3	341282	县级市	界首市
1096	1007	2	341300	地级市	宿州市
1097	1096	3	341302	市辖区	埇桥区
1098	1096	3	341321	县	砀山县
1099	1096	3	341322	县	萧县
1100	1096	3	341323	县	灵璧县
1101	1096	3	341324	县	泗县
1102	1007	2	341500	地级市	六安市
1103	1102	3	341502	市辖区	金安区
1104	1102	3	341503	市辖区	裕安区
1105	1102	3	341504	市辖区	叶集区
1106	1102	3	341522	县	霍邱县
1107	1102	3	341523	县	舒城县
1108	1102	3	341524	县	金寨县
1109	1102	3	341525	县	霍山县
1110	1007	2	341600	地级市	亳州市
1111	1110	3	341602	市辖区	谯城区
1112	1110	3	341621	县	涡阳县
1113	1110	3	341622	县	蒙城县
1114	1110	3	341623	县	利辛县
1115	1007	2	341700	地级市	池州市
1116	1115	3	341702	市辖区	贵池区
1117	1115	3	341721	县	东至县
1118	1115	3	341722	县	石台县
1119	1115	3	341723	县	青阳县
1120	1007	2	341800	地级市	宣城市
1121	1120	3	341802	市辖区	宣州区
1122	1120	3	341821	县	郎溪县
1123	1120	3	341823	县	泾县
1124	1120	3	341824	县	绩溪县
1125	1120	3	341825	县	旌德县
1126	1120	3	341881	县级市	宁国市
1127	1120	3	341882	县级市	广德市
1128	0	1	350000	省	福建省
1129	1128	2	350100	地级市	福州市
1130	1129	3	350102	市辖区	鼓楼区
1131	1129	3	350103	市辖区	台江区
1132	1129	3	350104	市辖区	仓山区
1133	1129	3	350105	市辖区	马尾区
1134	1129	3	350111	市辖区	晋安区
1135	1129	3	350112	市辖区	长乐区
1136	1129	3	350121	县	闽侯县
1137	1129	3	350122	县	连江县
1138	1129	3	350123	县	罗源县
1139	1129	3	350124	县	闽清县
1140	1129	3	350125	县	永泰县
1141	1129	3	350128	县	平潭县
1142	1129	3	350181	县级市	福清市
1143	1128	2	350200	地级市	厦门市
1144	1143	3	350203	市辖区	思明区
1145	1143	3	350205	市辖区	海沧区
1146	1143	3	350206	市辖区	湖里区
1147	1143	3	350211	市辖区	集美区
1148	1143	3	350212	市辖区	同安区
1149	1143	3	350213	市辖区	翔安区
1150	1128	2	350300	地级市	莆田市
1151	1150	3	350302	市辖区	城厢区
1152	1150	3	350303	市辖区	涵江区
1153	1150	3	350304	市辖区	荔城区
1154	1150	3	350305	市辖区	秀屿区
1155	1150	3	350322	县	仙游县
1156	1128	2	350400	地级市	三明市
1157	1156	3	350404	市辖区	三元区
1158	1156	3	350405	市辖区	沙县区
1159	1156	3	350421	县	明溪县
1160	1156	3	350423	县	清流县
1161	1156	3	350424	县	宁化县
1162	1156	3	350425	县	大田县
1163	1156	3	350426	县	尤溪县
1164	1156	3	350428	县	将乐县
1165	1156	3	350429	县	泰宁县
1166	1156	3	350430	县	建宁县
1167	1156	3	350481	县级市	永安市
1168	1128	2	350500	地级市	泉州市
1169	1168	3	350502	市辖区	鲤城区
1170	1168	3	350503	市辖区	丰泽区
1171	1168	3	350504	市辖区	洛江区
1172	1168	3	350505	市辖区	泉港区
1173	1168	3	350521	县	惠安县
1174	1168	3	350524	县	安溪县
1175	1168	3	350525	县	永春县
1176	1168	3	350526	县	德化县
1177	1168	3	350527	县	金门县
1178	1168	3	350581	县级市	石狮市
1179	1168	3	350582	县级市	晋江市
1180	1168	3	350583	县级市	南安市
1181	1128	2	350600	地级市	漳州市
1182	1181	3	350602	市辖区	芗城区
1183	1181	3	350603	市辖区	龙文区
1184	1181	3	350604	市辖区	龙海区
1185	1181	3	350605	市辖区	长泰区
1186	1181	3	350622	县	云霄县
1187	1181	3	350623	县	漳浦县
1188	1181	3	350624	县	诏安县
1189	1181	3	350626	县	东山县
1190	1181	3	350627	县	南靖县
1191	1181	3	350628	县	平和县
1192	1181	3	350629	县	华安县
1193	1128	2	350700	地级市	南平市
1194	1193	3	350702	市辖区	延平区
1195	1193	3	350703	市辖区	建阳区
1196	1193	3	350721	县	顺昌县
1197	1193	3	350722	县	浦城县
1198	1193	3	350723	县	光泽县
1199	1193	3	350724	县	松溪县
1200	1193	3	350725	县	政和县
1201	1193	3	350781	县级市	邵武市
1202	1193	3	350782	县级市	武夷山市
1203	1193	3	350783	县级市	建瓯市
1204	1128	2	350800	地级市	龙岩市
1205	1204	3	350802	市辖区	新罗区
1206	1204	3	350803	市辖区	永定区
1207	1204	3	350821	县	长汀县
1208	1204	3	350823	县	上杭县
1209	1204	3	350824	县	武平县
1210	1204	3	350825	县	连城县
1211	1204	3	350881	县级市	漳平市
1212	1128	2	350900	地级市	宁德市
1213	1212	3	350902	市辖区	蕉城区
1214	1212	3	350921	县	霞浦县
1215	1212	3	350922	县	古田县
1216	1212	3	350923	县	屏南县
1217	1212	3	350924	县	寿宁县
1218	1212	3	350925	县	周宁县
1219	1212	3	350926	县	柘荣县
1220	1212	3	350981	县级市	福安市
1221	1212	3	350982	县级市	福鼎市
1222	0	1	360000	省	江西省
1223	1222	2	360100	地级市	南昌市
1224	1223	3	360102	市辖区	东湖区
1225	1223	3	360103	市辖区	西湖区
1226	1223	3	360104	市辖区	青云谱区
1227	1223	3	360111	市辖区	青山湖区
1228	1223	3	360112	市辖区	新建区
1229	1223	3	360113	市辖区	红谷滩区
1230	1223	3	360121	县	南昌县
1231	1223	3	360123	县	安义县
1232	1223	3	360124	县	进贤县
1233	1222	2	360200	地级市	景德镇市
1234	1233	3	360202	市辖区	昌江区
1235	1233	3	360203	市辖区	珠山区
1236	1233	3	360222	县	浮梁县
1237	1233	3	360281	县级市	乐平市
1238	1222	2	360300	地级市	萍乡市
1239	1238	3	360302	市辖区	安源区
1240	1238	3	360313	市辖区	湘东区
1241	1238	3	360321	县	莲花县
1242	1238	3	360322	县	上栗县
1243	1238	3	360323	县	芦溪县
1244	1222	2	360400	地级市	九江市
1245	1244	3	360402	市辖区	濂溪区
1246	1244	3	360403	市辖区	浔阳区
1247	1244	3	360404	市辖区	柴桑区
1248	1244	3	360423	县	武宁县
1249	1244	3	360424	县	修水县
1250	1244	3	360425	县	永修县
1251	1244	3	360426	县	德安县
1252	1244	3	360428	县	都昌县
1253	1244	3	360429	县	湖口县
1254	1244	3	360430	县	彭泽县
1255	1244	3	360481	县级市	瑞昌市
1256	1244	3	360482	县级市	共青城市
1257	1244	3	360483	县级市	庐山市
1258	1222	2	360500	地级市	新余市
1259	1258	3	360502	市辖区	渝水区
1260	1258	3	360521	县	分宜县
1261	1222	2	360600	地级市	鹰潭市
1262	1261	3	360602	市辖区	月湖区
1263	1261	3	360603	市辖区	余江区
1264	1261	3	360681	县级市	贵溪市
1265	1222	2	360700	地级市	赣州市
1266	1265	3	360702	市辖区	章贡区
1267	1265	3	360703	市辖区	南康区
1268	1265	3	360704	市辖区	赣县区
1269	1265	3	360722	县	信丰县
1270	1265	3	360723	县	大余县
1271	1265	3	360724	县	上犹县
1272	1265	3	360725	县	崇义县
1273	1265	3	360726	县	安远县
1274	1265	3	360728	县	定南县
1275	1265	3	360729	县	全南县
1276	1265	3	360730	县	宁都县
1277	1265	3	360731	县	于都县
1278	1265	3	360732	县	兴国县
1279	1265	3	360733	县	会昌县
1280	1265	3	360734	县	寻乌县
1281	1265	3	360735	县	石城县
1282	1265	3	360781	县级市	瑞金市
1283	1265	3	360783	县级市	龙南市
1284	1222	2	360800	地级市	吉安市
1285	1284	3	360802	市辖区	吉州区
1286	1284	3	360803	市辖区	青原区
1287	1284	3	360821	县	吉安县
1288	1284	3	360822	县	吉水县
1289	1284	3	360823	县	峡江县
1290	1284	3	360824	县	新干县
1291	1284	3	360825	县	永丰县
1292	1284	3	360826	县	泰和县
1293	1284	3	360827	县	遂川县
1294	1284	3	360828	县	万安县
1295	1284	3	360829	县	安福县
1296	1284	3	360830	县	永新县
1297	1284	3	360881	县级市	井冈山市
1298	1222	2	360900	地级市	宜春市
1299	1298	3	360902	市辖区	袁州区
1300	1298	3	360921	县	奉新县
1301	1298	3	360922	县	万载县
1302	1298	3	360923	县	上高县
1303	1298	3	360924	县	宜丰县
1304	1298	3	360925	县	靖安县
1305	1298	3	360926	县	铜鼓县
1306	1298	3	360981	县级市	丰城市
1307	1298	3	360982	县级市	樟树市
1308	1298	3	360983	县级市	高安市
1309	1222	2	361000	地级市	抚州市
1310	1309	3	361002	市辖区	临川区
1311	1309	3	361003	市辖区	东乡区
1312	1309	3	361021	县	南城县
1313	1309	3	361022	县	黎川县
1314	1309	3	361023	县	南丰县
1315	1309	3	361024	县	崇仁县
1316	1309	3	361025	县	乐安县
1317	1309	3	361026	县	宜黄县
1318	1309	3	361027	县	金溪县
1319	1309	3	361028	县	资溪县
1320	1309	3	361030	县	广昌县
1321	1222	2	361100	地级市	上饶市
1322	1321	3	361102	市辖区	信州区
1323	1321	3	361103	市辖区	广丰区
1324	1321	3	361104	市辖区	广信区
1325	1321	3	361123	县	玉山县
1326	1321	3	361124	县	铅山县
1327	1321	3	361125	县	横峰县
1328	1321	3	361126	县	弋阳县
1329	1321	3	361127	县	余干县
1330	1321	3	361128	县	鄱阳县
1331	1321	3	361129	县	万年县
1332	1321	3	361130	县	婺源县
1333	1321	3	361181	县级市	德兴市
1334	0	1	370000	省	山东省
1335	1334	2	370100	地级市	济南市
1336	1335	3	370102	市辖区	历下区
1337	1335	3	370103	市辖区	市中区
1338	1335	3	370104	市辖区	槐荫区
1339	1335	3	370105	市辖区	天桥区
1340	1335	3	370112	市辖区	历城区
1341	1335	3	370113	市辖区	长清区
1342	1335	3	370114	市辖区	章丘区
1343	1335	3	370115	市辖区	济阳区
1344	1335	3	370116	市辖区	莱芜区
1345	1335	3	370117	市辖区	钢城区
1346	1335	3	370124	县	平阴县
1347	1335	3	370126	县	商河县
1348	1334	2	370200	地级市	青岛市
1349	1348	3	370202	市辖区	市南区
1350	1348	3	370203	市辖区	市北区
1351	1348	3	370211	市辖区	黄岛区
1352	1348	3	370212	市辖区	崂山区
1353	1348	3	370213	市辖区	李沧区
1354	1348	3	370214	市辖区	城阳区
1355	1348	3	370215	市辖区	即墨区
1356	1348	3	370281	县级市	胶州市
1357	1348	3	370283	县级市	平度市
1358	1348	3	370285	县级市	莱西市
1359	1334	2	370300	地级市	淄博市
1360	1359	3	370302	市辖区	淄川区
1361	1359	3	370303	市辖区	张店区
1362	1359	3	370304	市辖区	博山区
1363	1359	3	370305	市辖区	临淄区
1364	1359	3	370306	市辖区	周村区
1365	1359	3	370321	县	桓台县
1366	1359	3	370322	县	高青县
1367	1359	3	370323	县	沂源县
1368	1334	2	370400	地级市	枣庄市
1369	1368	3	370402	市辖区	市中区
1370	1368	3	370403	市辖区	薛城区
1371	1368	3	370404	市辖区	峄城区
1372	1368	3	370405	市辖区	台儿庄区
1373	1368	3	370406	市辖区	山亭区
1374	1368	3	370481	县级市	滕州市
1375	1334	2	370500	地级市	东营市
1376	1375	3	370502	市辖区	东营区
1377	1375	3	370503	市辖区	河口区
1378	1375	3	370505	市辖区	垦利区
1379	1375	3	370522	县	利津县
1380	1375	3	370523	县	广饶县
1381	1334	2	370600	地级市	烟台市
1382	1381	3	370602	市辖区	芝罘区
1383	1381	3	370611	市辖区	福山区
1384	1381	3	370612	市辖区	牟平区
1385	1381	3	370613	市辖区	莱山区
1386	1381	3	370614	市辖区	蓬莱区
1387	1381	3	370681	县级市	龙口市
1388	1381	3	370682	县级市	莱阳市
1389	1381	3	370683	县级市	莱州市
1390	1381	3	370685	县级市	招远市
1391	1381	3	370686	县级市	栖霞市
1392	1381	3	370687	县级市	海阳市
1393	1334	2	370700	地级市	潍坊市
1394	1393	3	370702	市辖区	潍城区
1395	1393	3	370703	市辖区	寒亭区
1396	1393	3	370704	市辖区	坊子区
1397	1393	3	370705	市辖区	奎文区
1398	1393	3	370724	县	临朐县
1399	1393	3	370725	县	昌乐县
1400	1393	3	370781	县级市	青州市
1401	1393	3	370782	县级市	诸城市
1402	1393	3	370783	县级市	寿光市
1403	1393	3	370784	县级市	安丘市
1404	1393	3	370785	县级市	高密市
1405	1393	3	370786	县级市	昌邑市
1406	1334	2	370800	地级市	济宁市
1407	1406	3	370811	市辖区	任城区
1408	1406	3	370812	市辖区	兖州区
1409	1406	3	370826	县	微山县
1410	1406	3	370827	县	鱼台县
1411	1406	3	370828	县	金乡县
1412	1406	3	370829	县	嘉祥县
1413	1406	3	370830	县	汶上县
1414	1406	3	370831	县	泗水县
1415	1406	3	370832	县	梁山县
1416	1406	3	370881	县级市	曲阜市
1417	1406	3	370883	县级市	邹城市
1418	1334	2	370900	地级市	泰安市
1419	1418	3	370902	市辖区	泰山区
1420	1418	3	370911	市辖区	岱岳区
1421	1418	3	370921	县	宁阳县
1422	1418	3	370923	县	东平县
1423	1418	3	370982	县级市	新泰市
1424	1418	3	370983	县级市	肥城市
1425	1334	2	371000	地级市	威海市
1426	1425	3	371002	市辖区	环翠区
1427	1425	3	371003	市辖区	文登区
1428	1425	3	371082	县级市	荣成市
1429	1425	3	371083	县级市	乳山市
1430	1334	2	371100	地级市	日照市
1431	1430	3	371102	市辖区	东港区
1432	1430	3	371103	市辖区	岚山区
1433	1430	3	371121	县	五莲县
1434	1430	3	371122	县	莒县
1435	1334	2	371300	地级市	临沂市
1436	1435	3	371302	市辖区	兰山区
1437	1435	3	371311	市辖区	罗庄区
1438	1435	3	371312	市辖区	河东区
1439	1435	3	371321	县	沂南县
1440	1435	3	371322	县	郯城县
1441	1435	3	371323	县	沂水县
1442	1435	3	371324	县	兰陵县
1443	1435	3	371325	县	费县
1444	1435	3	371326	县	平邑县
1445	1435	3	371327	县	莒南县
1446	1435	3	371328	县	蒙阴县
1447	1435	3	371329	县	临沭县
1448	1334	2	371400	地级市	德州市
1449	1448	3	371402	市辖区	德城区
1450	1448	3	371403	市辖区	陵城区
1451	1448	3	371422	县	宁津县
1452	1448	3	371423	县	庆云县
1453	1448	3	371424	县	临邑县
1454	1448	3	371425	县	齐河县
1455	1448	3	371426	县	平原县
1456	1448	3	371427	县	夏津县
1457	1448	3	371428	县	武城县
1458	1448	3	371481	县级市	乐陵市
1459	1448	3	371482	县级市	禹城市
1460	1334	2	371500	地级市	聊城市
1461	1460	3	371502	市辖区	东昌府区
1462	1460	3	371503	市辖区	茌平区
1463	1460	3	371521	县	阳谷县
1464	1460	3	371522	县	莘县
1465	1460	3	371524	县	东阿县
1466	1460	3	371525	县	冠县
1467	1460	3	371526	县	高唐县
1468	1460	3	371581	县级市	临清市
1469	1334	2	371600	地级市	滨州市
1470	1469	3	371602	市辖区	滨城区
1471	1469	3	371603	市辖区	沾化区
1472	1469	3	371621	县	惠民县
1473	1469	3	371622	县	阳信县
1474	1469	3	371623	县	无棣县
1475	1469	3	371625	县	博兴县
1476	1469	3	371681	县级市	邹平市
1477	1334	2	371700	地级市	菏泽市
1478	1477	3	371702	市辖区	牡丹区
1479	1477	3	371703	市辖区	定陶区
1480	1477	3	371721	县	曹县
1481	1477	3	371722	县	单县
1482	1477	3	371723	县	成武县
1483	1477	3	371724	县	巨野县
1484	1477	3	371725	县	郓城县
1485	1477	3	371726	县	鄄城县
1486	1477	3	371728	县	东明县
1487	0	1	410000	省	河南省
1488	1487	2	410100	地级市	郑州市
1489	1488	3	410102	市辖区	中原区
1490	1488	3	410103	市辖区	二七区
1491	1488	3	410104	市辖区	管城回族区
1492	1488	3	410105	市辖区	金水区
1493	1488	3	410106	市辖区	上街区
1494	1488	3	410108	市辖区	惠济区
1495	1488	3	410122	县	中牟县
1496	1488	3	410181	县级市	巩义市
1497	1488	3	410182	县级市	荥阳市
1498	1488	3	410183	县级市	新密市
1499	1488	3	410184	县级市	新郑市
1500	1488	3	410185	县级市	登封市
1501	1487	2	410200	地级市	开封市
1502	1501	3	410202	市辖区	龙亭区
1503	1501	3	410203	市辖区	顺河回族区
1504	1501	3	410204	市辖区	鼓楼区
1505	1501	3	410205	市辖区	禹王台区
1506	1501	3	410212	市辖区	祥符区
1507	1501	3	410221	县	杞县
1508	1501	3	410222	县	通许县
1509	1501	3	410223	县	尉氏县
1510	1501	3	410225	县	兰考县
1511	1487	2	410300	地级市	洛阳市
1512	1511	3	410302	市辖区	老城区
1513	1511	3	410303	市辖区	西工区
1514	1511	3	410304	市辖区	瀍河回族区
1515	1511	3	410305	市辖区	涧西区
1516	1511	3	410307	市辖区	偃师区
1517	1511	3	410308	市辖区	孟津区
1518	1511	3	410311	市辖区	洛龙区
1519	1511	3	410323	县	新安县
1520	1511	3	410324	县	栾川县
1521	1511	3	410325	县	嵩县
1522	1511	3	410326	县	汝阳县
1523	1511	3	410327	县	宜阳县
1524	1511	3	410328	县	洛宁县
1525	1511	3	410329	县	伊川县
1526	1487	2	410400	地级市	平顶山市
1527	1526	3	410402	市辖区	新华区
1528	1526	3	410403	市辖区	卫东区
1529	1526	3	410404	市辖区	石龙区
1530	1526	3	410411	市辖区	湛河区
1531	1526	3	410421	县	宝丰县
1532	1526	3	410422	县	叶县
1533	1526	3	410423	县	鲁山县
1534	1526	3	410425	县	郏县
1535	1526	3	410481	县级市	舞钢市
1536	1526	3	410482	县级市	汝州市
1537	1487	2	410500	地级市	安阳市
1538	1537	3	410502	市辖区	文峰区
1539	1537	3	410503	市辖区	北关区
1540	1537	3	410505	市辖区	殷都区
1541	1537	3	410506	市辖区	龙安区
1542	1537	3	410522	县	安阳县
1543	1537	3	410523	县	汤阴县
1544	1537	3	410526	县	滑县
1545	1537	3	410527	县	内黄县
1546	1537	3	410581	县级市	林州市
1547	1487	2	410600	地级市	鹤壁市
1548	1547	3	410602	市辖区	鹤山区
1549	1547	3	410603	市辖区	山城区
1550	1547	3	410611	市辖区	淇滨区
1551	1547	3	410621	县	浚县
1552	1547	3	410622	县	淇县
1553	1487	2	410700	地级市	新乡市
1554	1553	3	410702	市辖区	红旗区
1555	1553	3	410703	市辖区	卫滨区
1556	1553	3	410704	市辖区	凤泉区
1557	1553	3	410711	市辖区	牧野区
1558	1553	3	410721	县	新乡县
1559	1553	3	410724	县	获嘉县
1560	1553	3	410725	县	原阳县
1561	1553	3	410726	县	延津县
1562	1553	3	410727	县	封丘县
1563	1553	3	410781	县级市	卫辉市
1564	1553	3	410782	县级市	辉县市
1565	1553	3	410783	县级市	长垣市
1566	1487	2	410800	地级市	焦作市
1567	1566	3	410802	市辖区	解放区
1568	1566	3	410803	市辖区	中站区
1569	1566	3	410804	市辖区	马村区
1570	1566	3	410811	市辖区	山阳区
1571	1566	3	410821	县	修武县
1572	1566	3	410822	县	博爱县
1573	1566	3	410823	县	武陟县
1574	1566	3	410825	县	温县
1575	1566	3	410882	县级市	沁阳市
1576	1566	3	410883	县级市	孟州市
1577	1487	2	410900	地级市	濮阳市
1578	1577	3	410902	市辖区	华龙区
1579	1577	3	410922	县	清丰县
1580	1577	3	410923	县	南乐县
1581	1577	3	410926	县	范县
1582	1577	3	410927	县	台前县
1583	1577	3	410928	县	濮阳县
1584	1487	2	411000	地级市	许昌市
1585	1584	3	411002	市辖区	魏都区
1586	1584	3	411003	市辖区	建安区
1587	1584	3	411024	县	鄢陵县
1588	1584	3	411025	县	襄城县
1589	1584	3	411081	县级市	禹州市
1590	1584	3	411082	县级市	长葛市
1591	1487	2	411100	地级市	漯河市
1592	1591	3	411102	市辖区	源汇区
1593	1591	3	411103	市辖区	郾城区
1594	1591	3	411104	市辖区	召陵区
1595	1591	3	411121	县	舞阳县
1596	1591	3	411122	县	临颍县
1597	1487	2	411200	地级市	三门峡市
1598	1597	3	411202	市辖区	湖滨区
1599	1597	3	411203	市辖区	陕州区
1600	1597	3	411221	县	渑池县
1601	1597	3	411224	县	卢氏县
1602	1597	3	411281	县级市	义马市
1603	1597	3	411282	县级市	灵宝市
1604	1487	2	411300	地级市	南阳市
1605	1604	3	411302	市辖区	宛城区
1606	1604	3	411303	市辖区	卧龙区
1607	1604	3	411321	县	南召县
1608	1604	3	411322	县	方城县
1609	1604	3	411323	县	西峡县
1610	1604	3	411324	县	镇平县
1611	1604	3	411325	县	内乡县
1612	1604	3	411326	县	淅川县
1613	1604	3	411327	县	社旗县
1614	1604	3	411328	县	唐河县
1615	1604	3	411329	县	新野县
1616	1604	3	411330	县	桐柏县
1617	1604	3	411381	县级市	邓州市
1618	1487	2	411400	地级市	商丘市
1619	1618	3	411402	市辖区	梁园区
1620	1618	3	411403	市辖区	睢阳区
1621	1618	3	411421	县	民权县
1622	1618	3	411422	县	睢县
1623	1618	3	411423	县	宁陵县
1624	1618	3	411424	县	柘城县
1625	1618	3	411425	县	虞城县
1626	1618	3	411426	县	夏邑县
1627	1618	3	411481	县级市	永城市
1628	1487	2	411500	地级市	信阳市
1629	1628	3	411502	市辖区	浉河区
1630	1628	3	411503	市辖区	平桥区
1631	1628	3	411521	县	罗山县
1632	1628	3	411522	县	光山县
1633	1628	3	411523	县	新县
1634	1628	3	411524	县	商城县
1635	1628	3	411525	县	固始县
1636	1628	3	411526	县	潢川县
1637	1628	3	411527	县	淮滨县
1638	1628	3	411528	县	息县
1639	1487	2	411600	地级市	周口市
1640	1639	3	411602	市辖区	川汇区
1641	1639	3	411603	市辖区	淮阳区
1642	1639	3	411621	县	扶沟县
1643	1639	3	411622	县	西华县
1644	1639	3	411623	县	商水县
1645	1639	3	411624	县	沈丘县
1646	1639	3	411625	县	郸城县
1647	1639	3	411627	县	太康县
1648	1639	3	411628	县	鹿邑县
1649	1639	3	411681	县级市	项城市
1650	1487	2	411700	地级市	驻马店市
1651	1650	3	411702	市辖区	驿城区
1652	1650	3	411721	县	西平县
1653	1650	3	411722	县	上蔡县
1654	1650	3	411723	县	平舆县
1655	1650	3	411724	县	正阳县
1656	1650	3	411725	县	确山县
1657	1650	3	411726	县	泌阳县
1658	1650	3	411727	县	汝南县
1659	1650	3	411728	县	遂平县
1660	1650	3	411729	县	新蔡县
1661	1487	3	419001	县级市	济源市
1662	0	1	420000	省	湖北省
1663	1662	2	420100	地级市	武汉市
1664	1663	3	420102	市辖区	江岸区
1665	1663	3	420103	市辖区	江汉区
1666	1663	3	420104	市辖区	硚口区
1667	1663	3	420105	市辖区	汉阳区
1668	1663	3	420106	市辖区	武昌区
1669	1663	3	420107	市辖区	青山区
1670	1663	3	420111	市辖区	洪山区
1671	1663	3	420112	市辖区	东西湖区
1672	1663	3	420113	市辖区	汉南区
1673	1663	3	420114	市辖区	蔡甸区
1674	1663	3	420115	市辖区	江夏区
1675	1663	3	420116	市辖区	黄陂区
1676	1663	3	420117	市辖区	新洲区
1677	1662	2	420200	地级市	黄石市
1678	1677	3	420202	市辖区	黄石港区
1679	1677	3	420203	市辖区	西塞山区
1680	1677	3	420204	市辖区	下陆区
1681	1677	3	420205	市辖区	铁山区
1682	1677	3	420222	县	阳新县
1683	1677	3	420281	县级市	大冶市
1684	1662	2	420300	地级市	十堰市
1685	1684	3	420302	市辖区	茅箭区
1686	1684	3	420303	市辖区	张湾区
1687	1684	3	420304	市辖区	郧阳区
1688	1684	3	420322	县	郧西县
1689	1684	3	420323	县	竹山县
1690	1684	3	420324	县	竹溪县
1691	1684	3	420325	县	房县
1692	1684	3	420381	县级市	丹江口市
1693	1662	2	420500	地级市	宜昌市
1694	1693	3	420502	市辖区	西陵区
1695	1693	3	420503	市辖区	伍家岗区
1696	1693	3	420504	市辖区	点军区
1697	1693	3	420505	市辖区	猇亭区
1698	1693	3	420506	市辖区	夷陵区
1699	1693	3	420525	县	远安县
1700	1693	3	420526	县	兴山县
1701	1693	3	420527	县	秭归县
1702	1693	3	420528	自治县	长阳土家族自治县
1703	1693	3	420529	自治县	五峰土家族自治县
1704	1693	3	420581	县级市	宜都市
1705	1693	3	420582	县级市	当阳市
1706	1693	3	420583	县级市	枝江市
1707	1662	2	420600	地级市	襄阳市
1708	1707	3	420602	市辖区	襄城区
1709	1707	3	420606	市辖区	樊城区
1710	1707	3	420607	市辖区	襄州区
1711	1707	3	420624	县	南漳县
1712	1707	3	420625	县	谷城县
1713	1707	3	420626	县	保康县
1714	1707	3	420682	县级市	老河口市
1715	1707	3	420683	县级市	枣阳市
1716	1707	3	420684	县级市	宜城市
1717	1662	2	420700	地级市	鄂州市
1718	1717	3	420702	市辖区	梁子湖区
1719	1717	3	420703	市辖区	华容区
1720	1717	3	420704	市辖区	鄂城区
1721	1662	2	420800	地级市	荆门市
1722	1721	3	420802	市辖区	东宝区
1723	1721	3	420804	市辖区	掇刀区
1724	1721	3	420822	县	沙洋县
1725	1721	3	420881	县级市	钟祥市
1726	1721	3	420882	县级市	京山市
1727	1662	2	420900	地级市	孝感市
1728	1727	3	420902	市辖区	孝南区
1729	1727	3	420921	县	孝昌县
1730	1727	3	420922	县	大悟县
1731	1727	3	420923	县	云梦县
1732	1727	3	420981	县级市	应城市
1733	1727	3	420982	县级市	安陆市
1734	1727	3	420984	县级市	汉川市
1735	1662	2	421000	地级市	荆州市
1736	1735	3	421002	市辖区	沙市区
1737	1735	3	421003	市辖区	荆州区
1738	1735	3	421022	县	公安县
1739	1735	3	421024	县	江陵县
1740	1735	3	421081	县级市	石首市
1741	1735	3	421083	县级市	洪湖市
1742	1735	3	421087	县级市	松滋市
1743	1735	3	421088	县级市	监利市
1744	1662	2	421100	地级市	黄冈市
1745	1744	3	421102	市辖区	黄州区
1746	1744	3	421121	县	团风县
1747	1744	3	421122	县	红安县
1748	1744	3	421123	县	罗田县
1749	1744	3	421124	县	英山县
1750	1744	3	421125	县	浠水县
1751	1744	3	421126	县	蕲春县
1752	1744	3	421127	县	黄梅县
1753	1744	3	421181	县级市	麻城市
1754	1744	3	421182	县级市	武穴市
1755	1662	2	421200	地级市	咸宁市
1756	1755	3	421202	市辖区	咸安区
1757	1755	3	421221	县	嘉鱼县
1758	1755	3	421222	县	通城县
1759	1755	3	421223	县	崇阳县
1760	1755	3	421224	县	通山县
1761	1755	3	421281	县级市	赤壁市
1762	1662	2	421300	地级市	随州市
1763	1762	3	421303	市辖区	曾都区
1764	1762	3	421321	县	随县
1765	1762	3	421381	县级市	广水市
1766	1662	2	422800	自治州	恩施土家族苗族自治州
1767	1766	3	422801	县级市	恩施市
1768	1766	3	422802	县级市	利川市
1769	1766	3	422822	县	建始县
1770	1766	3	422823	县	巴东县
1771	1766	3	422825	县	宣恩县
1772	1766	3	422826	县	咸丰县
1773	1766	3	422827	县	来凤县
1774	1766	3	422828	县	鹤峰县
1775	1662	3	429004	县级市	仙桃市
1776	1662	3	429005	县级市	潜江市
1777	1662	3	429006	县级市	天门市
1778	1662	3	429021	林区	神农架林区
1779	0	1	430000	省	湖南省
1780	1779	2	430100	地级市	长沙市
1781	1780	3	430102	市辖区	芙蓉区
1782	1780	3	430103	市辖区	天心区
1783	1780	3	430104	市辖区	岳麓区
1784	1780	3	430105	市辖区	开福区
1785	1780	3	430111	市辖区	雨花区
1786	1780	3	430112	市辖区	望城区
1787	1780	3	430121	县	长沙县
1788	1780	3	430181	县级市	浏阳市
1789	1780	3	430182	县级市	宁乡市
1790	1779	2	430200	地级市	株洲市
1791	1790	3	430202	市辖区	荷塘区
1792	1790	3	430203	市辖区	芦淞区
1793	1790	3	430204	市辖区	石峰区
1794	1790	3	430211	市辖区	天元区
1795	1790	3	430212	市辖区	渌口区
1796	1790	3	430223	县	攸县
1797	1790	3	430224	县	茶陵县
1798	1790	3	430225	县	炎陵县
1799	1790	3	430281	县级市	醴陵市
1800	1779	2	430300	地级市	湘潭市
1801	1800	3	430302	市辖区	雨湖区
1802	1800	3	430304	市辖区	岳塘区
1803	1800	3	430321	县	湘潭县
1804	1800	3	430381	县级市	湘乡市
1805	1800	3	430382	县级市	韶山市
1806	1779	2	430400	地级市	衡阳市
1807	1806	3	430405	市辖区	珠晖区
1808	1806	3	430406	市辖区	雁峰区
1809	1806	3	430407	市辖区	石鼓区
1810	1806	3	430408	市辖区	蒸湘区
1811	1806	3	430412	市辖区	南岳区
1812	1806	3	430421	县	衡阳县
1813	1806	3	430422	县	衡南县
1814	1806	3	430423	县	衡山县
1815	1806	3	430424	县	衡东县
1816	1806	3	430426	县	祁东县
1817	1806	3	430481	县级市	耒阳市
1818	1806	3	430482	县级市	常宁市
1819	1779	2	430500	地级市	邵阳市
1820	1819	3	430502	市辖区	双清区
1821	1819	3	430503	市辖区	大祥区
1822	1819	3	430511	市辖区	北塔区
1823	1819	3	430522	县	新邵县
1824	1819	3	430523	县	邵阳县
1825	1819	3	430524	县	隆回县
1826	1819	3	430525	县	洞口县
1827	1819	3	430527	县	绥宁县
1828	1819	3	430528	县	新宁县
1829	1819	3	430529	自治县	城步苗族自治县
1830	1819	3	430581	县级市	武冈市
1831	1819	3	430582	县级市	邵东市
1832	1779	2	430600	地级市	岳阳市
1833	1832	3	430602	市辖区	岳阳楼区
1834	1832	3	430603	市辖区	云溪区
1835	1832	3	430611	市辖区	君山区
1836	1832	3	430621	县	岳阳县
1837	1832	3	430623	县	华容县
1838	1832	3	430624	县	湘阴县
1839	1832	3	430626	县	平江县
1840	1832	3	430681	县级市	汨罗市
1841	1832	3	430682	县级市	临湘市
1842	1779	2	430700	地级市	常德市
1843	1842	3	430702	市辖区	武陵区
1844	1842	3	430703	市辖区	鼎城区
1845	1842	3	430721	县	安乡县
1846	1842	3	430722	县	汉寿县
1847	1842	3	430723	县	澧县
1848	1842	3	430724	县	临澧县
1849	1842	3	430725	县	桃源县
1850	1842	3	430726	县	石门县
1851	1842	3	430781	县级市	津市市
1852	1779	2	430800	地级市	张家界市
1853	1852	3	430802	市辖区	永定区
1854	1852	3	430811	市辖区	武陵源区
1855	1852	3	430821	县	慈利县
1856	1852	3	430822	县	桑植县
1857	1779	2	430900	地级市	益阳市
1858	1857	3	430902	市辖区	资阳区
1859	1857	3	430903	市辖区	赫山区
1860	1857	3	430921	县	南县
1861	1857	3	430922	县	桃江县
1862	1857	3	430923	县	安化县
1863	1857	3	430981	县级市	沅江市
1864	1779	2	431000	地级市	郴州市
1865	1864	3	431002	市辖区	北湖区
1866	1864	3	431003	市辖区	苏仙区
1867	1864	3	431021	县	桂阳县
1868	1864	3	431022	县	宜章县
1869	1864	3	431023	县	永兴县
1870	1864	3	431024	县	嘉禾县
1871	1864	3	431025	县	临武县
1872	1864	3	431026	县	汝城县
1873	1864	3	431027	县	桂东县
1874	1864	3	431028	县	安仁县
1875	1864	3	431081	县级市	资兴市
1876	1779	2	431100	地级市	永州市
1877	1876	3	431102	市辖区	零陵区
1878	1876	3	431103	市辖区	冷水滩区
1879	1876	3	431122	县	东安县
1880	1876	3	431123	县	双牌县
1881	1876	3	431124	县	道县
1882	1876	3	431125	县	江永县
1883	1876	3	431126	县	宁远县
1884	1876	3	431127	县	蓝山县
1885	1876	3	431128	县	新田县
1886	1876	3	431129	自治县	江华瑶族自治县
1887	1876	3	431181	县级市	祁阳市
1888	1779	2	431200	地级市	怀化市
1889	1888	3	431202	市辖区	鹤城区
1890	1888	3	431221	县	中方县
1891	1888	3	431222	县	沅陵县
1892	1888	3	431223	县	辰溪县
1893	1888	3	431224	县	溆浦县
1894	1888	3	431225	县	会同县
1895	1888	3	431226	自治县	麻阳苗族自治县
1896	1888	3	431227	自治县	新晃侗族自治县
1897	1888	3	431228	自治县	芷江侗族自治县
1898	1888	3	431229	自治县	靖州苗族侗族自治县
1899	1888	3	431230	自治县	通道侗族自治县
1900	1888	3	431281	县级市	洪江市
1901	1779	2	431300	地级市	娄底市
1902	1901	3	431302	市辖区	娄星区
1903	1901	3	431321	县	双峰县
1904	1901	3	431322	县	新化县
1905	1901	3	431381	县级市	冷水江市
1906	1901	3	431382	县级市	涟源市
1907	1779	2	433100	自治州	湘西土家族苗族自治州
1908	1907	3	433101	县级市	吉首市
1909	1907	3	433122	县	泸溪县
1910	1907	3	433123	县	凤凰县
1911	1907	3	433124	县	花垣县
1912	1907	3	433125	县	保靖县
1913	1907	3	433126	县	古丈县
1914	1907	3	433127	县	永顺县
1915	1907	3	433130	县	龙山县
1916	0	1	440000	省	广东省
1917	1916	2	440100	地级市	广州市
1918	1917	3	440103	市辖区	荔湾区
1919	1917	3	440104	市辖区	越秀区
1920	1917	3	440105	市辖区	海珠区
1921	1917	3	440106	市辖区	天河区
1922	1917	3	440111	市辖区	白云区
1923	1917	3	440112	市辖区	黄埔区
1924	1917	3	440113	市辖区	番禺区
1925	1917	3	440114	市辖区	花都区
1926	1917	3	440115	市辖区	南沙区
1927	1917	3	440117	市辖区	从化区
1928	1917	3	440118	市辖区	增城区
1929	1916	2	440200	地级市	韶关市
1930	1929	3	440203	市辖区	武江区
1931	1929	3	440204	市辖区	浈江区
1932	1929	3	440205	市辖区	曲江区
1933	1929	3	440222	县	始兴县
1934	1929	3	440224	县	仁化县
1935	1929	3	440229	县	翁源县
1936	1929	3	440232	自治县	乳源瑶族自治县
1937	1929	3	440233	县	新丰县
1938	1929	3	440281	县级市	乐昌市
1939	1929	3	440282	县级市	南雄市
1940	1916	2	440300	地级市	深圳市
1941	1940	3	440303	市辖区	罗湖区
1942	1940	3	440304	市辖区	福田区
1943	1940	3	440305	市辖区	南山区
1944	1940	3	440306	市辖区	宝安区
1945	1940	3	440307	市辖区	龙岗区
1946	1940	3	440308	市辖区	盐田区
1947	1940	3	440309	市辖区	龙华区
1948	1940	3	440310	市辖区	坪山区
1949	1940	3	440311	市辖区	光明区
1950	1916	2	440400	地级市	珠海市
1951	1950	3	440402	市辖区	香洲区
1952	1950	3	440403	市辖区	斗门区
1953	1950	3	440404	市辖区	金湾区
1954	1916	2	440500	地级市	汕头市
1955	1954	3	440507	市辖区	龙湖区
1956	1954	3	440511	市辖区	金平区
1957	1954	3	440512	市辖区	濠江区
1958	1954	3	440513	市辖区	潮阳区
1959	1954	3	440514	市辖区	潮南区
1960	1954	3	440515	市辖区	澄海区
1961	1954	3	440523	县	南澳县
1962	1916	2	440600	地级市	佛山市
1963	1962	3	440604	市辖区	禅城区
1964	1962	3	440605	市辖区	南海区
1965	1962	3	440606	市辖区	顺德区
1966	1962	3	440607	市辖区	三水区
1967	1962	3	440608	市辖区	高明区
1968	1916	2	440700	地级市	江门市
1969	1968	3	440703	市辖区	蓬江区
1970	1968	3	440704	市辖区	江海区
1971	1968	3	440705	市辖区	新会区
1972	1968	3	440781	县级市	台山市
1973	1968	3	440783	县级市	开平市
1974	1968	3	440784	县级市	鹤山市
1975	1968	3	440785	县级市	恩平市
1976	1916	2	440800	地级市	湛江市
1977	1976	3	440802	市辖区	赤坎区
1978	1976	3	440803	市辖区	霞山区
1979	1976	3	440804	市辖区	坡头区
1980	1976	3	440811	市辖区	麻章区
1981	1976	3	440823	县	遂溪县
1982	1976	3	440825	县	徐闻县
1983	1976	3	440881	县级市	廉江市
1984	1976	3	440882	县级市	雷州市
1985	1976	3	440883	县级市	吴川市
1986	1916	2	440900	地级市	茂名市
1987	1986	3	440902	市辖区	茂南区
1988	1986	3	440904	市辖区	电白区
1989	1986	3	440981	县级市	高州市
1990	1986	3	440982	县级市	化州市
1991	1986	3	440983	县级市	信宜市
1992	1916	2	441200	地级市	肇庆市
1993	1992	3	441202	市辖区	端州区
1994	1992	3	441203	市辖区	鼎湖区
1995	1992	3	441204	市辖区	高要区
1996	1992	3	441223	县	广宁县
1997	1992	3	441224	县	怀集县
1998	1992	3	441225	县	封开县
1999	1992	3	441226	县	德庆县
2000	1992	3	441284	县级市	四会市
2001	1916	2	441300	地级市	惠州市
2002	2001	3	441302	市辖区	惠城区
2003	2001	3	441303	市辖区	惠阳区
2004	2001	3	441322	县	博罗县
2005	2001	3	441323	县	惠东县
2006	2001	3	441324	县	龙门县
2007	1916	2	441400	地级市	梅州市
2008	2007	3	441402	市辖区	梅江区
2009	2007	3	441403	市辖区	梅县区
2010	2007	3	441422	县	大埔县
2011	2007	3	441423	县	丰顺县
2012	2007	3	441424	县	五华县
2013	2007	3	441426	县	平远县
2014	2007	3	441427	县	蕉岭县
2015	2007	3	441481	县级市	兴宁市
2016	1916	2	441500	地级市	汕尾市
2017	2016	3	441502	市辖区	城区
2018	2016	3	441521	县	海丰县
2019	2016	3	441523	县	陆河县
2020	2016	3	441581	县级市	陆丰市
2021	1916	2	441600	地级市	河源市
2022	2021	3	441602	市辖区	源城区
2023	2021	3	441621	县	紫金县
2024	2021	3	441622	县	龙川县
2025	2021	3	441623	县	连平县
2026	2021	3	441624	县	和平县
2027	2021	3	441625	县	东源县
2028	1916	2	441700	地级市	阳江市
2029	2028	3	441702	市辖区	江城区
2030	2028	3	441704	市辖区	阳东区
2031	2028	3	441721	县	阳西县
2032	2028	3	441781	县级市	阳春市
2033	1916	2	441800	地级市	清远市
2034	2033	3	441802	市辖区	清城区
2035	2033	3	441803	市辖区	清新区
2036	2033	3	441821	县	佛冈县
2037	2033	3	441823	县	阳山县
2038	2033	3	441825	自治县	连山壮族瑶族自治县
2039	2033	3	441826	自治县	连南瑶族自治县
2040	2033	3	441881	县级市	英德市
2041	2033	3	441882	县级市	连州市
2042	1916	2	441900	地级市	东莞市
2043	1916	2	442000	地级市	中山市
2044	1916	2	445100	地级市	潮州市
2045	2044	3	445102	市辖区	湘桥区
2046	2044	3	445103	市辖区	潮安区
2047	2044	3	445122	县	饶平县
2048	1916	2	445200	地级市	揭阳市
2049	2048	3	445202	市辖区	榕城区
2050	2048	3	445203	市辖区	揭东区
2051	2048	3	445222	县	揭西县
2052	2048	3	445224	县	惠来县
2053	2048	3	445281	县级市	普宁市
2054	1916	2	445300	地级市	云浮市
2055	2054	3	445302	市辖区	云城区
2056	2054	3	445303	市辖区	云安区
2057	2054	3	445321	县	新兴县
2058	2054	3	445322	县	郁南县
2059	2054	3	445381	县级市	罗定市
2060	0	1	450000	自治区	广西壮族自治区
2061	2060	2	450100	地级市	南宁市
2062	2061	3	450102	市辖区	兴宁区
2063	2061	3	450103	市辖区	青秀区
2064	2061	3	450105	市辖区	江南区
2065	2061	3	450107	市辖区	西乡塘区
2066	2061	3	450108	市辖区	良庆区
2067	2061	3	450109	市辖区	邕宁区
2068	2061	3	450110	市辖区	武鸣区
2069	2061	3	450123	县	隆安县
2070	2061	3	450124	县	马山县
2071	2061	3	450125	县	上林县
2072	2061	3	450126	县	宾阳县
2073	2061	3	450181	县级市	横州市
2074	2060	2	450200	地级市	柳州市
2075	2074	3	450202	市辖区	城中区
2076	2074	3	450203	市辖区	鱼峰区
2077	2074	3	450204	市辖区	柳南区
2078	2074	3	450205	市辖区	柳北区
2079	2074	3	450206	市辖区	柳江区
2080	2074	3	450222	县	柳城县
2081	2074	3	450223	县	鹿寨县
2082	2074	3	450224	县	融安县
2083	2074	3	450225	自治县	融水苗族自治县
2084	2074	3	450226	自治县	三江侗族自治县
2085	2060	2	450300	地级市	桂林市
2086	2085	3	450302	市辖区	秀峰区
2087	2085	3	450303	市辖区	叠彩区
2088	2085	3	450304	市辖区	象山区
2089	2085	3	450305	市辖区	七星区
2090	2085	3	450311	市辖区	雁山区
2091	2085	3	450312	市辖区	临桂区
2092	2085	3	450321	县	阳朔县
2093	2085	3	450323	县	灵川县
2094	2085	3	450324	县	全州县
2095	2085	3	450325	县	兴安县
2096	2085	3	450326	县	永福县
2097	2085	3	450327	县	灌阳县
2098	2085	3	450328	自治县	龙胜各族自治县
2099	2085	3	450329	县	资源县
2100	2085	3	450330	县	平乐县
2101	2085	3	450332	自治县	恭城瑶族自治县
2102	2085	3	450381	县级市	荔浦市
2103	2060	2	450400	地级市	梧州市
2104	2103	3	450403	市辖区	万秀区
2105	2103	3	450405	市辖区	长洲区
2106	2103	3	450406	市辖区	龙圩区
2107	2103	3	450421	县	苍梧县
2108	2103	3	450422	县	藤县
2109	2103	3	450423	县	蒙山县
2110	2103	3	450481	县级市	岑溪市
2111	2060	2	450500	地级市	北海市
2112	2111	3	450502	市辖区	海城区
2113	2111	3	450503	市辖区	银海区
2114	2111	3	450512	市辖区	铁山港区
2115	2111	3	450521	县	合浦县
2116	2060	2	450600	地级市	防城港市
2117	2116	3	450602	市辖区	港口区
2118	2116	3	450603	市辖区	防城区
2119	2116	3	450621	县	上思县
2120	2116	3	450681	县级市	东兴市
2121	2060	2	450700	地级市	钦州市
2122	2121	3	450702	市辖区	钦南区
2123	2121	3	450703	市辖区	钦北区
2124	2121	3	450721	县	灵山县
2125	2121	3	450722	县	浦北县
2126	2060	2	450800	地级市	贵港市
2127	2126	3	450802	市辖区	港北区
2128	2126	3	450803	市辖区	港南区
2129	2126	3	450804	市辖区	覃塘区
2130	2126	3	450821	县	平南县
2131	2126	3	450881	县级市	桂平市
2132	2060	2	450900	地级市	玉林市
2133	2132	3	450902	市辖区	玉州区
2134	2132	3	450903	市辖区	福绵区
2135	2132	3	450921	县	容县
2136	2132	3	450922	县	陆川县
2137	2132	3	450923	县	博白县
2138	2132	3	450924	县	兴业县
2139	2132	3	450981	县级市	北流市
2140	2060	2	451000	地级市	百色市
2141	2140	3	451002	市辖区	右江区
2142	2140	3	451003	市辖区	田阳区
2143	2140	3	451022	县	田东县
2144	2140	3	451024	县	德保县
2145	2140	3	451026	县	那坡县
2146	2140	3	451027	县	凌云县
2147	2140	3	451028	县	乐业县
2148	2140	3	451029	县	田林县
2149	2140	3	451030	县	西林县
2150	2140	3	451031	自治县	隆林各族自治县
2151	2140	3	451081	县级市	靖西市
2152	2140	3	451082	县级市	平果市
2153	2060	2	451100	地级市	贺州市
2154	2153	3	451102	市辖区	八步区
2155	2153	3	451103	市辖区	平桂区
2156	2153	3	451121	县	昭平县
2157	2153	3	451122	县	钟山县
2158	2153	3	451123	自治县	富川瑶族自治县
2159	2060	2	451200	地级市	河池市
2160	2159	3	451202	市辖区	金城江区
2161	2159	3	451203	市辖区	宜州区
2162	2159	3	451221	县	南丹县
2163	2159	3	451222	县	天峨县
2164	2159	3	451223	县	凤山县
2165	2159	3	451224	县	东兰县
2166	2159	3	451225	自治县	罗城仫佬族自治县
2167	2159	3	451226	自治县	环江毛南族自治县
2168	2159	3	451227	自治县	巴马瑶族自治县
2169	2159	3	451228	自治县	都安瑶族自治县
2170	2159	3	451229	自治县	大化瑶族自治县
2171	2060	2	451300	地级市	来宾市
2172	2171	3	451302	市辖区	兴宾区
2173	2171	3	451321	县	忻城县
2174	2171	3	451322	县	象州县
2175	2171	3	451323	县	武宣县
2176	2171	3	451324	自治县	金秀瑶族自治县
2177	2171	3	451381	县级市	合山市
2178	2060	2	451400	地级市	崇左市
2179	2178	3	451402	市辖区	江州区
2180	2178	3	451421	县	扶绥县
2181	2178	3	451422	县	宁明县
2182	2178	3	451423	县	龙州县
2183	2178	3	451424	县	大新县
2184	2178	3	451425	县	天等县
2185	2178	3	451481	县级市	凭祥市
2186	0	1	460000	省	海南省
2187	2186	2	460100	地级市	海口市
2188	2187	3	460105	市辖区	秀英区
2189	2187	3	460106	市辖区	龙华区
2190	2187	3	460107	市辖区	琼山区
2191	2187	3	460108	市辖区	美兰区
2192	2186	2	460200	地级市	三亚市
2193	2192	3	460202	市辖区	海棠区
2194	2192	3	460203	市辖区	吉阳区
2195	2192	3	460204	市辖区	天涯区
2196	2192	3	460205	市辖区	崖州区
2197	2186	2	460300	地级市	三沙市
2198	2197	3	460302	市辖区	西沙区
2199	2197	3	460303	市辖区	南沙区
2200	2186	2	460400	地级市	儋州市
2201	2186	3	469001	县级市	五指山市
2202	2186	3	469002	县级市	琼海市
2203	2186	3	469005	县级市	文昌市
2204	2186	3	469006	县级市	万宁市
2205	2186	3	469007	县级市	东方市
2206	2186	3	469021	县	定安县
2207	2186	3	469022	县	屯昌县
2208	2186	3	469023	县	澄迈县
2209	2186	3	469024	县	临高县
2210	2186	3	469025	自治县	白沙黎族自治县
2211	2186	3	469026	自治县	昌江黎族自治县
2212	2186	3	469027	自治县	乐东黎族自治县
2213	2186	3	469028	自治县	陵水黎族自治县
2214	2186	3	469029	自治县	保亭黎族苗族自治县
2215	2186	3	469030	自治县	琼中黎族苗族自治县
2216	0	1	500000	直辖市	重庆市
2217	2216	3	500101	市辖区	万州区
2218	2216	3	500102	市辖区	涪陵区
2219	2216	3	500103	市辖区	渝中区
2220	2216	3	500104	市辖区	大渡口区
2221	2216	3	500106	市辖区	沙坪坝区
2222	2216	3	500107	市辖区	九龙坡区
2223	2216	3	500108	市辖区	南岸区
2224	2216	3	500109	市辖区	北碚区
2225	2216	3	500110	市辖区	綦江区
2226	2216	3	500111	市辖区	大足区
2227	2216	3	500113	市辖区	巴南区
2228	2216	3	500114	市辖区	黔江区
2229	2216	3	500115	市辖区	长寿区
2230	2216	3	500116	市辖区	江津区
2231	2216	3	500117	市辖区	合川区
2232	2216	3	500118	市辖区	永川区
2233	2216	3	500119	市辖区	南川区
2234	2216	3	500120	市辖区	璧山区
2235	2216	3	500151	市辖区	铜梁区
2236	2216	3	500152	市辖区	潼南区
2237	2216	3	500153	市辖区	荣昌区
2238	2216	3	500154	市辖区	开州区
2239	2216	3	500155	市辖区	梁平区
2240	2216	3	500156	市辖区	武隆区
2241	2216	3	500157	市辖区	两江新区
2242	2216	3	500229	县	城口县
2243	2216	3	500230	县	丰都县
2244	2216	3	500231	县	垫江县
2245	2216	3	500233	县	忠县
2246	2216	3	500235	县	云阳县
2247	2216	3	500236	县	奉节县
2248	2216	3	500237	县	巫山县
2249	2216	3	500238	县	巫溪县
2250	2216	3	500240	自治县	石柱土家族自治县
2251	2216	3	500241	自治县	秀山土家族苗族自治县
2252	2216	3	500242	自治县	酉阳土家族苗族自治县
2253	2216	3	500243	自治县	彭水苗族土家族自治县
2254	0	1	510000	省	四川省
2255	2254	2	510100	地级市	成都市
2256	2255	3	510104	市辖区	锦江区
2257	2255	3	510105	市辖区	青羊区
2258	2255	3	510106	市辖区	金牛区
2259	2255	3	510107	市辖区	武侯区
2260	2255	3	510108	市辖区	成华区
2261	2255	3	510112	市辖区	龙泉驿区
2262	2255	3	510113	市辖区	青白江区
2263	2255	3	510114	市辖区	新都区
2264	2255	3	510115	市辖区	温江区
2265	2255	3	510116	市辖区	双流区
2266	2255	3	510117	市辖区	郫都区
2267	2255	3	510118	市辖区	新津区
2268	2255	3	510121	县	金堂县
2269	2255	3	510129	县	大邑县
2270	2255	3	510131	县	蒲江县
2271	2255	3	510181	县级市	都江堰市
2272	2255	3	510182	县级市	彭州市
2273	2255	3	510183	县级市	邛崃市
2274	2255	3	510184	县级市	崇州市
2275	2255	3	510185	县级市	简阳市
2276	2254	2	510300	地级市	自贡市
2277	2276	3	510302	市辖区	自流井区
2278	2276	3	510303	市辖区	贡井区
2279	2276	3	510304	市辖区	大安区
2280	2276	3	510311	市辖区	沿滩区
2281	2276	3	510321	县	荣县
2282	2276	3	510322	县	富顺县
2283	2254	2	510400	地级市	攀枝花市
2284	2283	3	510402	市辖区	东区
2285	2283	3	510403	市辖区	西区
2286	2283	3	510411	市辖区	仁和区
2287	2283	3	510421	县	米易县
2288	2283	3	510422	县	盐边县
2289	2254	2	510500	地级市	泸州市
2290	2289	3	510502	市辖区	江阳区
2291	2289	3	510503	市辖区	纳溪区
2292	2289	3	510504	市辖区	龙马潭区
2293	2289	3	510521	县	泸县
2294	2289	3	510522	县	合江县
2295	2289	3	510524	县	叙永县
2296	2289	3	510525	县	古蔺县
2297	2254	2	510600	地级市	德阳市
2298	2297	3	510603	市辖区	旌阳区
2299	2297	3	510604	市辖区	罗江区
2300	2297	3	510623	县	中江县
2301	2297	3	510681	县级市	广汉市
2302	2297	3	510682	县级市	什邡市
2303	2297	3	510683	县级市	绵竹市
2304	2254	2	510700	地级市	绵阳市
2305	2304	3	510703	市辖区	涪城区
2306	2304	3	510704	市辖区	游仙区
2307	2304	3	510705	市辖区	安州区
2308	2304	3	510722	县	三台县
2309	2304	3	510723	县	盐亭县
2310	2304	3	510725	县	梓潼县
2311	2304	3	510726	自治县	北川羌族自治县
2312	2304	3	510727	县	平武县
2313	2304	3	510781	县级市	江油市
2314	2254	2	510800	地级市	广元市
2315	2314	3	510802	市辖区	利州区
2316	2314	3	510811	市辖区	昭化区
2317	2314	3	510812	市辖区	朝天区
2318	2314	3	510821	县	旺苍县
2319	2314	3	510822	县	青川县
2320	2314	3	510823	县	剑阁县
2321	2314	3	510824	县	苍溪县
2322	2254	2	510900	地级市	遂宁市
2323	2322	3	510903	市辖区	船山区
2324	2322	3	510904	市辖区	安居区
2325	2322	3	510921	县	蓬溪县
2326	2322	3	510923	县	大英县
2327	2322	3	510981	县级市	射洪市
2328	2254	2	511000	地级市	内江市
2329	2328	3	511002	市辖区	市中区
2330	2328	3	511011	市辖区	东兴区
2331	2328	3	511024	县	威远县
2332	2328	3	511025	县	资中县
2333	2328	3	511083	县级市	隆昌市
2334	2254	2	511100	地级市	乐山市
2335	2334	3	511102	市辖区	市中区
2336	2334	3	511111	市辖区	沙湾区
2337	2334	3	511112	市辖区	五通桥区
2338	2334	3	511113	市辖区	金口河区
2339	2334	3	511123	县	犍为县
2340	2334	3	511124	县	井研县
2341	2334	3	511126	县	夹江县
2342	2334	3	511129	县	沐川县
2343	2334	3	511132	自治县	峨边彝族自治县
2344	2334	3	511133	自治县	马边彝族自治县
2345	2334	3	511181	县级市	峨眉山市
2346	2254	2	511300	地级市	南充市
2347	2346	3	511302	市辖区	顺庆区
2348	2346	3	511303	市辖区	高坪区
2349	2346	3	511304	市辖区	嘉陵区
2350	2346	3	511321	县	南部县
2351	2346	3	511322	县	营山县
2352	2346	3	511323	县	蓬安县
2353	2346	3	511324	县	仪陇县
2354	2346	3	511325	县	西充县
2355	2346	3	511381	县级市	阆中市
2356	2254	2	511400	地级市	眉山市
2357	2356	3	511402	市辖区	东坡区
2358	2356	3	511403	市辖区	彭山区
2359	2356	3	511421	县	仁寿县
2360	2356	3	511423	县	洪雅县
2361	2356	3	511424	县	丹棱县
2362	2356	3	511425	县	青神县
2363	2254	2	511500	地级市	宜宾市
2364	2363	3	511502	市辖区	翠屏区
2365	2363	3	511503	市辖区	南溪区
2366	2363	3	511504	市辖区	叙州区
2367	2363	3	511523	县	江安县
2368	2363	3	511524	县	长宁县
2369	2363	3	511525	县	高县
2370	2363	3	511526	县	珙县
2371	2363	3	511527	县	筠连县
2372	2363	3	511528	县	兴文县
2373	2363	3	511529	县	屏山县
2374	2254	2	511600	地级市	广安市
2375	2374	3	511602	市辖区	广安区
2376	2374	3	511603	市辖区	前锋区
2377	2374	3	511621	县	岳池县
2378	2374	3	511622	县	武胜县
2379	2374	3	511623	县	邻水县
2380	2374	3	511681	县级市	华蓥市
2381	2254	2	511700	地级市	达州市
2382	2381	3	511702	市辖区	通川区
2383	2381	3	511703	市辖区	达川区
2384	2381	3	511722	县	宣汉县
2385	2381	3	511723	县	开江县
2386	2381	3	511724	县	大竹县
2387	2381	3	511725	县	渠县
2388	2381	3	511781	县级市	万源市
2389	2254	2	511800	地级市	雅安市
2390	2389	3	511802	市辖区	雨城区
2391	2389	3	511803	市辖区	名山区
2392	2389	3	511822	县	荥经县
2393	2389	3	511823	县	汉源县
2394	2389	3	511824	县	石棉县
2395	2389	3	511825	县	天全县
2396	2389	3	511826	县	芦山县
2397	2389	3	511827	县	宝兴县
2398	2254	2	511900	地级市	巴中市
2399	2398	3	511902	市辖区	巴州区
2400	2398	3	511903	市辖区	恩阳区
2401	2398	3	511921	县	通江县
2402	2398	3	511922	县	南江县
2403	2398	3	511923	县	平昌县
2404	2254	2	512000	地级市	资阳市
2405	2404	3	512002	市辖区	雁江区
2406	2404	3	512021	县	安岳县
2407	2404	3	512022	县	乐至县
2408	2254	2	513200	自治州	阿坝藏族羌族自治州
2409	2408	3	513201	县级市	马尔康市
2410	2408	3	513221	县	汶川县
2411	2408	3	513222	县	理县
2412	2408	3	513223	县	茂县
2413	2408	3	513224	县	松潘县
2414	2408	3	513225	县	九寨沟县
2415	2408	3	513226	县	金川县
2416	2408	3	513227	县	小金县
2417	2408	3	513228	县	黑水县
2418	2408	3	513230	县	壤塘县
2419	2408	3	513231	县	阿坝县
2420	2408	3	513232	县	若尔盖县
2421	2408	3	513233	县	红原县
2422	2254	2	513300	自治州	甘孜藏族自治州
2423	2422	3	513301	县级市	康定市
2424	2422	3	513322	县	泸定县
2425	2422	3	513323	县	丹巴县
2426	2422	3	513324	县	九龙县
2427	2422	3	513325	县	雅江县
2428	2422	3	513326	县	道孚县
2429	2422	3	513327	县	炉霍县
2430	2422	3	513328	县	甘孜县
2431	2422	3	513329	县	新龙县
2432	2422	3	513330	县	德格县
2433	2422	3	513331	县	白玉县
2434	2422	3	513332	县	石渠县
2435	2422	3	513333	县	色达县
2436	2422	3	513334	县	理塘县
2437	2422	3	513335	县	巴塘县
2438	2422	3	513336	县	乡城县
2439	2422	3	513337	县	稻城县
2440	2422	3	513338	县	得荣县
2441	2254	2	513400	自治州	凉山彝族自治州
2442	2441	3	513401	县级市	西昌市
2443	2441	3	513402	县级市	会理市
2444	2441	3	513422	自治县	木里藏族自治县
2445	2441	3	513423	县	盐源县
2446	2441	3	513424	县	德昌县
2447	2441	3	513426	县	会东县
2448	2441	3	513427	县	宁南县
2449	2441	3	513428	县	普格县
2450	2441	3	513429	县	布拖县
2451	2441	3	513430	县	金阳县
2452	2441	3	513431	县	昭觉县
2453	2441	3	513432	县	喜德县
2454	2441	3	513433	县	冕宁县
2455	2441	3	513434	县	越西县
2456	2441	3	513435	县	甘洛县
2457	2441	3	513436	县	美姑县
2458	2441	3	513437	县	雷波县
2459	0	1	520000	省	贵州省
2460	2459	2	520100	地级市	贵阳市
2461	2460	3	520102	市辖区	南明区
2462	2460	3	520103	市辖区	云岩区
2463	2460	3	520111	市辖区	花溪区
2464	2460	3	520112	市辖区	乌当区
2465	2460	3	520113	市辖区	白云区
2466	2460	3	520115	市辖区	观山湖区
2467	2460	3	520121	县	开阳县
2468	2460	3	520122	县	息烽县
2469	2460	3	520123	县	修文县
2470	2460	3	520181	县级市	清镇市
2471	2459	2	520200	地级市	六盘水市
2472	2471	3	520201	市辖区	钟山区
2473	2471	3	520203	特区	六枝特区
2474	2471	3	520204	市辖区	水城区
2475	2471	3	520281	县级市	盘州市
2476	2459	2	520300	地级市	遵义市
2477	2476	3	520302	市辖区	红花岗区
2478	2476	3	520303	市辖区	汇川区
2479	2476	3	520304	市辖区	播州区
2480	2476	3	520322	县	桐梓县
2481	2476	3	520323	县	绥阳县
2482	2476	3	520324	县	正安县
2483	2476	3	520325	自治县	道真仡佬族苗族自治县
2484	2476	3	520326	自治县	务川仡佬族苗族自治县
2485	2476	3	520327	县	凤冈县
2486	2476	3	520328	县	湄潭县
2487	2476	3	520329	县	余庆县
2488	2476	3	520330	县	习水县
2489	2476	3	520381	县级市	赤水市
2490	2476	3	520382	县级市	仁怀市
2491	2459	2	520400	地级市	安顺市
2492	2491	3	520402	市辖区	西秀区
2493	2491	3	520403	市辖区	平坝区
2494	2491	3	520422	县	普定县
2495	2491	3	520423	自治县	镇宁布依族苗族自治县
2496	2491	3	520424	自治县	关岭布依族苗族自治县
2497	2491	3	520425	自治县	紫云苗族布依族自治县
2498	2459	2	520500	地级市	毕节市
2499	2498	3	520502	市辖区	七星关区
2500	2498	3	520521	县	大方县
2501	2498	3	520523	县	金沙县
2502	2498	3	520524	县	织金县
2503	2498	3	520525	县	纳雍县
2504	2498	3	520526	自治县	威宁彝族回族苗族自治县
2505	2498	3	520527	县	赫章县
2506	2498	3	520581	县级市	黔西市
2507	2459	2	520600	地级市	铜仁市
2508	2507	3	520602	市辖区	碧江区
2509	2507	3	520603	市辖区	万山区
2510	2507	3	520621	县	江口县
2511	2507	3	520622	自治县	玉屏侗族自治县
2512	2507	3	520623	县	石阡县
2513	2507	3	520624	县	思南县
2514	2507	3	520625	自治县	印江土家族苗族自治县
2515	2507	3	520626	县	德江县
2516	2507	3	520627	自治县	沿河土家族自治县
2517	2507	3	520628	自治县	松桃苗族自治县
2518	2459	2	522300	自治州	黔西南布依族苗族自治州
2519	2518	3	522301	县级市	兴义市
2520	2518	3	522302	县级市	兴仁市
2521	2518	3	522323	县	普安县
2522	2518	3	522324	县	晴隆县
2523	2518	3	522325	县	贞丰县
2524	2518	3	522326	县	望谟县
2525	2518	3	522327	县	册亨县
2526	2518	3	522328	县	安龙县
2527	2459	2	522600	自治州	黔东南苗族侗族自治州
2528	2527	3	522601	县级市	凯里市
2529	2527	3	522622	县	黄平县
2530	2527	3	522623	县	施秉县
2531	2527	3	522624	县	三穗县
2532	2527	3	522625	县	镇远县
2533	2527	3	522626	县	岑巩县
2534	2527	3	522627	县	天柱县
2535	2527	3	522628	县	锦屏县
2536	2527	3	522629	县	剑河县
2537	2527	3	522630	县	台江县
2538	2527	3	522631	县	黎平县
2539	2527	3	522632	县	榕江县
2540	2527	3	522633	县	从江县
2541	2527	3	522634	县	雷山县
2542	2527	3	522635	县	麻江县
2543	2527	3	522636	县	丹寨县
2544	2459	2	522700	自治州	黔南布依族苗族自治州
2545	2544	3	522701	县级市	都匀市
2546	2544	3	522702	县级市	福泉市
2547	2544	3	522722	县	荔波县
2548	2544	3	522723	县	贵定县
2549	2544	3	522725	县	瓮安县
2550	2544	3	522726	县	独山县
2551	2544	3	522727	县	平塘县
2552	2544	3	522728	县	罗甸县
2553	2544	3	522729	县	长顺县
2554	2544	3	522730	县	龙里县
2555	2544	3	522731	县	惠水县
2556	2544	3	522732	自治县	三都水族自治县
2557	0	1	530000	省	云南省
2558	2557	2	530100	地级市	昆明市
2559	2558	3	530102	市辖区	五华区
2560	2558	3	530103	市辖区	盘龙区
2561	2558	3	530111	市辖区	官渡区
2562	2558	3	530112	市辖区	西山区
2563	2558	3	530113	市辖区	东川区
2564	2558	3	530114	市辖区	呈贡区
2565	2558	3	530115	市辖区	晋宁区
2566	2558	3	530124	县	富民县
2567	2558	3	530125	县	宜良县
2568	2558	3	530126	自治县	石林彝族自治县
2569	2558	3	530127	县	嵩明县
2570	2558	3	530128	自治县	禄劝彝族苗族自治县
2571	2558	3	530129	自治县	寻甸回族彝族自治县
2572	2558	3	530181	县级市	安宁市
2573	2557	2	530300	地级市	曲靖市
2574	2573	3	530302	市辖区	麒麟区
2575	2573	3	530303	市辖区	沾益区
2576	2573	3	530304	市辖区	马龙区
2577	2573	3	530322	县	陆良县
2578	2573	3	530323	县	师宗县
2579	2573	3	530324	县	罗平县
2580	2573	3	530325	县	富源县
2581	2573	3	530326	县	会泽县
2582	2573	3	530381	县级市	宣威市
2583	2557	2	530400	地级市	玉溪市
2584	2583	3	530402	市辖区	红塔区
2585	2583	3	530403	市辖区	江川区
2586	2583	3	530423	县	通海县
2587	2583	3	530424	县	华宁县
2588	2583	3	530425	县	易门县
2589	2583	3	530426	自治县	峨山彝族自治县
2590	2583	3	530427	自治县	新平彝族傣族自治县
2591	2583	3	530428	自治县	元江哈尼族彝族傣族自治县
2592	2583	3	530481	县级市	澄江市
2593	2557	2	530500	地级市	保山市
2594	2593	3	530502	市辖区	隆阳区
2595	2593	3	530521	县	施甸县
2596	2593	3	530523	县	龙陵县
2597	2593	3	530524	县	昌宁县
2598	2593	3	530581	县级市	腾冲市
2599	2557	2	530600	地级市	昭通市
2600	2599	3	530602	市辖区	昭阳区
2601	2599	3	530621	县	鲁甸县
2602	2599	3	530622	县	巧家县
2603	2599	3	530623	县	盐津县
2604	2599	3	530624	县	大关县
2605	2599	3	530625	县	永善县
2606	2599	3	530626	县	绥江县
2607	2599	3	530627	县	镇雄县
2608	2599	3	530628	县	彝良县
2609	2599	3	530629	县	威信县
2610	2599	3	530681	县级市	水富市
2611	2557	2	530700	地级市	丽江市
2612	2611	3	530702	市辖区	古城区
2613	2611	3	530721	自治县	玉龙纳西族自治县
2614	2611	3	530722	县	永胜县
2615	2611	3	530723	县	华坪县
2616	2611	3	530724	自治县	宁蒗彝族自治县
2617	2557	2	530800	地级市	普洱市
2618	2617	3	530802	市辖区	思茅区
2619	2617	3	530821	自治县	宁洱哈尼族彝族自治县
2620	2617	3	530822	自治县	墨江哈尼族自治县
2621	2617	3	530823	自治县	景东彝族自治县
2622	2617	3	530824	自治县	景谷傣族彝族自治县
2623	2617	3	530825	自治县	镇沅彝族哈尼族拉祜族自治县
2624	2617	3	530826	自治县	江城哈尼族彝族自治县
2625	2617	3	530827	自治县	孟连傣族拉祜族佤族自治县
2626	2617	3	530828	自治县	澜沧拉祜族自治县
2627	2617	3	530829	自治县	西盟佤族自治县
2628	2557	2	530900	地级市	临沧市
2629	2628	3	530902	市辖区	临翔区
2630	2628	3	530921	县	凤庆县
2631	2628	3	530922	县	云县
2632	2628	3	530923	县	永德县
2633	2628	3	530924	县	镇康县
2634	2628	3	530925	自治县	双江拉祜族佤族布朗族傣族自治县
2635	2628	3	530926	自治县	耿马傣族佤族自治县
2636	2628	3	530927	自治县	沧源佤族自治县
2637	2557	2	532300	自治州	楚雄彝族自治州
2638	2637	3	532301	县级市	楚雄市
2639	2637	3	532302	县级市	禄丰市
2640	2637	3	532322	县	双柏县
2641	2637	3	532323	县	牟定县
2642	2637	3	532324	县	南华县
2643	2637	3	532325	县	姚安县
2644	2637	3	532326	县	大姚县
2645	2637	3	532327	县	永仁县
2646	2637	3	532328	县	元谋县
2647	2637	3	532329	县	武定县
2648	2557	2	532500	自治州	红河哈尼族彝族自治州
2649	2648	3	532501	县级市	个旧市
2650	2648	3	532502	县级市	开远市
2651	2648	3	532503	县级市	蒙自市
2652	2648	3	532504	县级市	弥勒市
2653	2648	3	532523	自治县	屏边苗族自治县
2654	2648	3	532524	县	建水县
2655	2648	3	532525	县	石屏县
2656	2648	3	532527	县	泸西县
2657	2648	3	532528	县	元阳县
2658	2648	3	532529	县	红河县
2659	2648	3	532530	自治县	金平苗族瑶族傣族自治县
2660	2648	3	532531	县	绿春县
2661	2648	3	532532	自治县	河口瑶族自治县
2662	2557	2	532600	自治州	文山壮族苗族自治州
2663	2662	3	532601	县级市	文山市
2664	2662	3	532622	县	砚山县
2665	2662	3	532623	县	西畴县
2666	2662	3	532624	县	麻栗坡县
2667	2662	3	532625	县	马关县
2668	2662	3	532626	县	丘北县
2669	2662	3	532627	县	广南县
2670	2662	3	532628	县	富宁县
2671	2557	2	532800	自治州	西双版纳傣族自治州
2672	2671	3	532801	县级市	景洪市
2673	2671	3	532822	县	勐海县
2674	2671	3	532823	县	勐腊县
2675	2557	2	532900	自治州	大理白族自治州
2676	2675	3	532901	县级市	大理市
2677	2675	3	532922	自治县	漾濞彝族自治县
2678	2675	3	532923	县	祥云县
2679	2675	3	532924	县	宾川县
2680	2675	3	532925	县	弥渡县
2681	2675	3	532926	自治县	南涧彝族自治县
2682	2675	3	532927	自治县	巍山彝族回族自治县
2683	2675	3	532928	县	永平县
2684	2675	3	532929	县	云龙县
2685	2675	3	532930	县	洱源县
2686	2675	3	532931	县	剑川县
2687	2675	3	532932	县	鹤庆县
2688	2557	2	533100	自治州	德宏傣族景颇族自治州
2689	2688	3	533102	县级市	瑞丽市
2690	2688	3	533103	县级市	芒市
2691	2688	3	533122	县	梁河县
2692	2688	3	533123	县	盈江县
2693	2688	3	533124	县	陇川县
2694	2557	2	533300	自治州	怒江傈僳族自治州
2695	2694	3	533301	县级市	泸水市
2696	2694	3	533323	县	福贡县
2697	2694	3	533324	自治县	贡山独龙族怒族自治县
2698	2694	3	533325	自治县	兰坪白族普米族自治县
2699	2557	2	533400	自治州	迪庆藏族自治州
2700	2699	3	533401	县级市	香格里拉市
2701	2699	3	533422	县	德钦县
2702	2699	3	533423	自治县	维西傈僳族自治县
2703	0	1	540000	自治区	西藏自治区
2704	2703	2	540100	地级市	拉萨市
2705	2704	3	540102	市辖区	城关区
2706	2704	3	540103	市辖区	堆龙德庆区
2707	2704	3	540104	市辖区	达孜区
2708	2704	3	540121	县	林周县
2709	2704	3	540122	县	当雄县
2710	2704	3	540123	县	尼木县
2711	2704	3	540124	县	曲水县
2712	2704	3	540127	县	墨竹工卡县
2713	2703	2	540200	地级市	日喀则市
2714	2713	3	540202	市辖区	桑珠孜区
2715	2713	3	540221	县	南木林县
2716	2713	3	540222	县	江孜县
2717	2713	3	540223	县	定日县
2718	2713	3	540224	县	萨迦县
2719	2713	3	540225	县	拉孜县
2720	2713	3	540226	县	昂仁县
2721	2713	3	540227	县	谢通门县
2722	2713	3	540228	县	白朗县
2723	2713	3	540229	县	仁布县
2724	2713	3	540230	县	康马县
2725	2713	3	540231	县	定结县
2726	2713	3	540232	县	仲巴县
2727	2713	3	540233	县	亚东县
2728	2713	3	540234	县	吉隆县
2729	2713	3	540235	县	聂拉木县
2730	2713	3	540236	县	萨嘎县
2731	2713	3	540237	县	岗巴县
2732	2703	2	540300	地级市	昌都市
2733	2732	3	540302	市辖区	卡若区
2734	2732	3	540321	县	江达县
2735	2732	3	540322	县	贡觉县
2736	2732	3	540323	县	类乌齐县
2737	2732	3	540324	县	丁青县
2738	2732	3	540325	县	察雅县
2739	2732	3	540326	县	八宿县
2740	2732	3	540327	县	左贡县
2741	2732	3	540328	县	芒康县
2742	2732	3	540329	县	洛隆县
2743	2732	3	540330	县	边坝县
2744	2703	2	540400	地级市	林芝市
2745	2744	3	540402	市辖区	巴宜区
2746	2744	3	540421	县	工布江达县
2747	2744	3	540423	县	墨脱县
2748	2744	3	540424	县	波密县
2749	2744	3	540425	县	察隅县
2750	2744	3	540426	县	朗县
2751	2744	3	540481	县级市	米林市
2752	2703	2	540500	地级市	山南市
2753	2752	3	540502	市辖区	乃东区
2754	2752	3	540521	县	扎囊县
2755	2752	3	540522	县	贡嘎县
2756	2752	3	540523	县	桑日县
2757	2752	3	540524	县	琼结县
2758	2752	3	540525	县	曲松县
2759	2752	3	540526	县	措美县
2760	2752	3	540527	县	洛扎县
2761	2752	3	540528	县	加查县
2762	2752	3	540529	县	隆子县
2763	2752	3	540531	县	浪卡子县
2764	2752	3	540581	县级市	错那市
2765	2703	2	540600	地级市	那曲市
2766	2765	3	540602	市辖区	色尼区
2767	2765	3	540621	县	嘉黎县
2768	2765	3	540622	县	比如县
2769	2765	3	540623	县	聂荣县
2770	2765	3	540624	县	安多县
2771	2765	3	540625	县	申扎县
2772	2765	3	540626	县	索县
2773	2765	3	540627	县	班戈县
2774	2765	3	540628	县	巴青县
2775	2765	3	540629	县	尼玛县
2776	2765	3	540630	县	双湖县
2777	2703	2	542500	地区	阿里地区
2778	2777	3	542521	县	普兰县
2779	2777	3	542522	县	札达县
2780	2777	3	542523	县	噶尔县
2781	2777	3	542524	县	日土县
2782	2777	3	542525	县	革吉县
2783	2777	3	542526	县	改则县
2784	2777	3	542527	县	措勤县
2785	0	1	610000	省	陕西省
2786	2785	2	610100	地级市	西安市
2787	2786	3	610102	市辖区	新城区
2788	2786	3	610103	市辖区	碑林区
2789	2786	3	610104	市辖区	莲湖区
2790	2786	3	610111	市辖区	灞桥区
2791	2786	3	610112	市辖区	未央区
2792	2786	3	610113	市辖区	雁塔区
2793	2786	3	610114	市辖区	阎良区
2794	2786	3	610115	市辖区	临潼区
2795	2786	3	610116	市辖区	长安区
2796	2786	3	610117	市辖区	高陵区
2797	2786	3	610118	市辖区	鄠邑区
2798	2786	3	610122	县	蓝田县
2799	2786	3	610124	县	周至县
2800	2785	2	610200	地级市	铜川市
2801	2800	3	610202	市辖区	王益区
2802	2800	3	610203	市辖区	印台区
2803	2800	3	610204	市辖区	耀州区
2804	2800	3	610222	县	宜君县
2805	2785	2	610300	地级市	宝鸡市
2806	2805	3	610302	市辖区	渭滨区
2807	2805	3	610303	市辖区	金台区
2808	2805	3	610304	市辖区	陈仓区
2809	2805	3	610305	市辖区	凤翔区
2810	2805	3	610323	县	岐山县
2811	2805	3	610324	县	扶风县
2812	2805	3	610326	县	眉县
2813	2805	3	610327	县	陇县
2814	2805	3	610328	县	千阳县
2815	2805	3	610329	县	麟游县
2816	2805	3	610330	县	凤县
2817	2805	3	610331	县	太白县
2818	2785	2	610400	地级市	咸阳市
2819	2818	3	610402	市辖区	秦都区
2820	2818	3	610403	市辖区	杨陵区
2821	2818	3	610404	市辖区	渭城区
2822	2818	3	610422	县	三原县
2823	2818	3	610423	县	泾阳县
2824	2818	3	610424	县	乾县
2825	2818	3	610425	县	礼泉县
2826	2818	3	610426	县	永寿县
2827	2818	3	610428	县	长武县
2828	2818	3	610429	县	旬邑县
2829	2818	3	610430	县	淳化县
2830	2818	3	610431	县	武功县
2831	2818	3	610481	县级市	兴平市
2832	2818	3	610482	县级市	彬州市
2833	2785	2	610500	地级市	渭南市
2834	2833	3	610502	市辖区	临渭区
2835	2833	3	610503	市辖区	华州区
2836	2833	3	610522	县	潼关县
2837	2833	3	610523	县	大荔县
2838	2833	3	610524	县	合阳县
2839	2833	3	610525	县	澄城县
2840	2833	3	610526	县	蒲城县
2841	2833	3	610527	县	白水县
2842	2833	3	610528	县	富平县
2843	2833	3	610581	县级市	韩城市
2844	2833	3	610582	县级市	华阴市
2845	2785	2	610600	地级市	延安市
2846	2845	3	610602	市辖区	宝塔区
2847	2845	3	610603	市辖区	安塞区
2848	2845	3	610621	县	延长县
2849	2845	3	610622	县	延川县
2850	2845	3	610625	县	志丹县
2851	2845	3	610626	县	吴起县
2852	2845	3	610627	县	甘泉县
2853	2845	3	610628	县	富县
2854	2845	3	610629	县	洛川县
2855	2845	3	610630	县	宜川县
2856	2845	3	610631	县	黄龙县
2857	2845	3	610632	县	黄陵县
2858	2845	3	610681	县级市	子长市
2859	2785	2	610700	地级市	汉中市
2860	2859	3	610702	市辖区	汉台区
2861	2859	3	610703	市辖区	南郑区
2862	2859	3	610722	县	城固县
2863	2859	3	610723	县	洋县
2864	2859	3	610724	县	西乡县
2865	2859	3	610725	县	勉县
2866	2859	3	610726	县	宁强县
2867	2859	3	610727	县	略阳县
2868	2859	3	610728	县	镇巴县
2869	2859	3	610729	县	留坝县
2870	2859	3	610730	县	佛坪县
2871	2785	2	610800	地级市	榆林市
2872	2871	3	610802	市辖区	榆阳区
2873	2871	3	610803	市辖区	横山区
2874	2871	3	610822	县	府谷县
2875	2871	3	610824	县	靖边县
2876	2871	3	610825	县	定边县
2877	2871	3	610826	县	绥德县
2878	2871	3	610827	县	米脂县
2879	2871	3	610828	县	佳县
2880	2871	3	610829	县	吴堡县
2881	2871	3	610830	县	清涧县
2882	2871	3	610831	县	子洲县
2883	2871	3	610881	县级市	神木市
2884	2785	2	610900	地级市	安康市
2885	2884	3	610902	市辖区	汉滨区
2886	2884	3	610921	县	汉阴县
2887	2884	3	610922	县	石泉县
2888	2884	3	610923	县	宁陕县
2889	2884	3	610924	县	紫阳县
2890	2884	3	610925	县	岚皋县
2891	2884	3	610926	县	平利县
2892	2884	3	610927	县	镇坪县
2893	2884	3	610929	县	白河县
2894	2884	3	610981	县级市	旬阳市
2895	2785	2	611000	地级市	商洛市
2896	2895	3	611002	市辖区	商州区
2897	2895	3	611021	县	洛南县
2898	2895	3	611022	县	丹凤县
2899	2895	3	611023	县	商南县
2900	2895	3	611024	县	山阳县
2901	2895	3	611025	县	镇安县
2902	2895	3	611026	县	柞水县
2903	0	1	620000	省	甘肃省
2904	2903	2	620100	地级市	兰州市
2905	2904	3	620102	市辖区	城关区
2906	2904	3	620103	市辖区	七里河区
2907	2904	3	620104	市辖区	西固区
2908	2904	3	620105	市辖区	安宁区
2909	2904	3	620111	市辖区	红古区
2910	2904	3	620121	县	永登县
2911	2904	3	620122	县	皋兰县
2912	2904	3	620123	县	榆中县
2913	2903	2	620200	地级市	嘉峪关市
2914	2903	2	620300	地级市	金昌市
2915	2914	3	620302	市辖区	金川区
2916	2914	3	620321	县	永昌县
2917	2903	2	620400	地级市	白银市
2918	2917	3	620402	市辖区	白银区
2919	2917	3	620403	市辖区	平川区
2920	2917	3	620421	县	靖远县
2921	2917	3	620422	县	会宁县
2922	2917	3	620423	县	景泰县
2923	2903	2	620500	地级市	天水市
2924	2923	3	620502	市辖区	秦州区
2925	2923	3	620503	市辖区	麦积区
2926	2923	3	620521	县	清水县
2927	2923	3	620522	县	秦安县
2928	2923	3	620523	县	甘谷县
2929	2923	3	620524	县	武山县
2930	2923	3	620525	自治县	张家川回族自治县
2931	2903	2	620600	地级市	武威市
2932	2931	3	620602	市辖区	凉州区
2933	2931	3	620621	县	民勤县
2934	2931	3	620622	县	古浪县
2935	2931	3	620623	自治县	天祝藏族自治县
2936	2903	2	620700	地级市	张掖市
2937	2936	3	620702	市辖区	甘州区
2938	2936	3	620721	自治县	肃南裕固族自治县
2939	2936	3	620722	县	民乐县
2940	2936	3	620723	县	临泽县
2941	2936	3	620724	县	高台县
2942	2936	3	620725	县	山丹县
2943	2903	2	620800	地级市	平凉市
2944	2943	3	620802	市辖区	崆峒区
2945	2943	3	620821	县	泾川县
2946	2943	3	620822	县	灵台县
2947	2943	3	620823	县	崇信县
2948	2943	3	620825	县	庄浪县
2949	2943	3	620826	县	静宁县
2950	2943	3	620881	县级市	华亭市
2951	2903	2	620900	地级市	酒泉市
2952	2951	3	620902	市辖区	肃州区
2953	2951	3	620921	县	金塔县
2954	2951	3	620922	县	瓜州县
2955	2951	3	620923	自治县	肃北蒙古族自治县
2956	2951	3	620924	自治县	阿克塞哈萨克族自治县
2957	2951	3	620981	县级市	玉门市
2958	2951	3	620982	县级市	敦煌市
2959	2903	2	621000	地级市	庆阳市
2960	2959	3	621002	市辖区	西峰区
2961	2959	3	621021	县	庆城县
2962	2959	3	621022	县	环县
2963	2959	3	621023	县	华池县
2964	2959	3	621024	县	合水县
2965	2959	3	621025	县	正宁县
2966	2959	3	621026	县	宁县
2967	2959	3	621027	县	镇原县
2968	2903	2	621100	地级市	定西市
2969	2968	3	621102	市辖区	安定区
2970	2968	3	621121	县	通渭县
2971	2968	3	621122	县	陇西县
2972	2968	3	621123	县	渭源县
2973	2968	3	621124	县	临洮县
2974	2968	3	621125	县	漳县
2975	2968	3	621126	县	岷县
2976	2903	2	621200	地级市	陇南市
2977	2976	3	621202	市辖区	武都区
2978	2976	3	621221	县	成县
2979	2976	3	621222	县	文县
2980	2976	3	621223	县	宕昌县
2981	2976	3	621224	县	康县
2982	2976	3	621225	县	西和县
2983	2976	3	621226	县	礼县
2984	2976	3	621227	县	徽县
2985	2976	3	621228	县	两当县
2986	2903	2	622900	自治州	临夏回族自治州
2987	2986	3	622901	县级市	临夏市
2988	2986	3	622921	县	临夏县
2989	2986	3	622922	县	康乐县
2990	2986	3	622923	县	永靖县
2991	2986	3	622924	县	广河县
2992	2986	3	622925	县	和政县
2993	2986	3	622926	自治县	东乡族自治县
2994	2986	3	622927	自治县	积石山保安族东乡族撒拉族自治县
2995	2903	2	623000	自治州	甘南藏族自治州
2996	2995	3	623001	县级市	合作市
2997	2995	3	623021	县	临潭县
2998	2995	3	623022	县	卓尼县
2999	2995	3	623023	县	舟曲县
3000	2995	3	623024	县	迭部县
3001	2995	3	623025	县	玛曲县
3002	2995	3	623026	县	碌曲县
3003	2995	3	623027	县	夏河县
3004	0	1	630000	省	青海省
3005	3004	2	630100	地级市	西宁市
3006	3005	3	630102	市辖区	城东区
3007	3005	3	630103	市辖区	城中区
3008	3005	3	630104	市辖区	城西区
3009	3005	3	630105	市辖区	城北区
3010	3005	3	630106	市辖区	湟中区
3011	3005	3	630121	自治县	大通回族土族自治县
3012	3005	3	630123	县	湟源县
3013	3004	2	630200	地级市	海东市
3014	3013	3	630202	市辖区	乐都区
3015	3013	3	630203	市辖区	平安区
3016	3013	3	630222	自治县	民和回族土族自治县
3017	3013	3	630223	自治县	互助土族自治县
3018	3013	3	630224	自治县	化隆回族自治县
3019	3013	3	630225	自治县	循化撒拉族自治县
3020	3004	2	632200	自治州	海北藏族自治州
3021	3020	3	632221	自治县	门源回族自治县
3022	3020	3	632222	县	祁连县
3023	3020	3	632223	县	海晏县
3024	3020	3	632224	县	刚察县
3025	3004	2	632300	自治州	黄南藏族自治州
3026	3025	3	632301	县级市	同仁市
3027	3025	3	632322	县	尖扎县
3028	3025	3	632323	县	泽库县
3029	3025	3	632324	自治县	河南蒙古族自治县
3030	3004	2	632500	自治州	海南藏族自治州
3031	3030	3	632521	县	共和县
3032	3030	3	632522	县	同德县
3033	3030	3	632523	县	贵德县
3034	3030	3	632524	县	兴海县
3035	3030	3	632525	县	贵南县
3036	3004	2	632600	自治州	果洛藏族自治州
3037	3036	3	632621	县	玛沁县
3038	3036	3	632622	县	班玛县
3039	3036	3	632623	县	甘德县
3040	3036	3	632624	县	达日县
3041	3036	3	632625	县	久治县
3042	3036	3	632626	县	玛多县
3043	3004	2	632700	自治州	玉树藏族自治州
3044	3043	3	632701	县级市	玉树市
3045	3043	3	632722	县	杂多县
3046	3043	3	632723	县	称多县
3047	3043	3	632724	县	治多县
3048	3043	3	632725	县	囊谦县
3049	3043	3	632726	县	曲麻莱县
3050	3004	2	632800	自治州	海西蒙古族藏族自治州
3051	3050	3	632801	县级市	格尔木市
3052	3050	3	632802	县级市	德令哈市
3053	3050	3	632803	县级市	茫崖市
3054	3050	3	632821	县	乌兰县
3055	3050	3	632822	县	都兰县
3056	3050	3	632823	县	天峻县
3057	0	1	640000	自治区	宁夏回族自治区
3058	3057	2	640100	地级市	银川市
3059	3058	3	640104	市辖区	兴庆区
3060	3058	3	640105	市辖区	西夏区
3061	3058	3	640106	市辖区	金凤区
3062	3058	3	640121	县	永宁县
3063	3058	3	640122	县	贺兰县
3064	3058	3	640181	县级市	灵武市
3065	3057	2	640200	地级市	石嘴山市
3066	3065	3	640202	市辖区	大武口区
3067	3065	3	640205	市辖区	惠农区
3068	3065	3	640221	县	平罗县
3069	3057	2	640300	地级市	吴忠市
3070	3069	3	640302	市辖区	利通区
3071	3069	3	640303	市辖区	红寺堡区
3072	3069	3	640323	县	盐池县
3073	3069	3	640324	县	同心县
3074	3069	3	640381	县级市	青铜峡市
3075	3057	2	640400	地级市	固原市
3076	3075	3	640402	市辖区	原州区
3077	3075	3	640422	县	西吉县
3078	3075	3	640423	县	隆德县
3079	3075	3	640424	县	泾源县
3080	3075	3	640425	县	彭阳县
3081	3057	2	640500	地级市	中卫市
3082	3081	3	640502	市辖区	沙坡头区
3083	3081	3	640521	县	中宁县
3084	3081	3	640522	县	海原县
3085	0	1	650000	自治区	新疆维吾尔自治区
3086	3085	2	650100	地级市	乌鲁木齐市
3087	3086	3	650102	市辖区	天山区
3088	3086	3	650103	市辖区	沙依巴克区
3089	3086	3	650104	市辖区	新市区
3090	3086	3	650105	市辖区	水磨沟区
3091	3086	3	650106	市辖区	头屯河区
3092	3086	3	650107	市辖区	达坂城区
3093	3086	3	650109	市辖区	米东区
3094	3086	3	650121	县	乌鲁木齐县
3095	3085	2	650200	地级市	克拉玛依市
3096	3095	3	650202	市辖区	独山子区
3097	3095	3	650203	市辖区	克拉玛依区
3098	3095	3	650204	市辖区	白碱滩区
3099	3095	3	650205	市辖区	乌尔禾区
3100	3085	2	650400	地级市	吐鲁番市
3101	3100	3	650402	市辖区	高昌区
3102	3100	3	650421	县	鄯善县
3103	3100	3	650422	县	托克逊县
3104	3085	2	650500	地级市	哈密市
3105	3104	3	650502	市辖区	伊州区
3106	3104	3	650521	自治县	巴里坤哈萨克自治县
3107	3104	3	650522	县	伊吾县
3108	3085	2	652300	自治州	昌吉回族自治州
3109	3108	3	652301	县级市	昌吉市
3110	3108	3	652302	县级市	阜康市
3111	3108	3	652323	县	呼图壁县
3112	3108	3	652324	县	玛纳斯县
3113	3108	3	652325	县	奇台县
3114	3108	3	652327	县	吉木萨尔县
3115	3108	3	652328	自治县	木垒哈萨克自治县
3116	3085	2	652700	自治州	博尔塔拉蒙古自治州
3117	3116	3	652701	县级市	博乐市
3118	3116	3	652702	县级市	阿拉山口市
3119	3116	3	652722	县	精河县
3120	3116	3	652723	县	温泉县
3121	3085	2	652800	自治州	巴音郭楞蒙古自治州
3122	3121	3	652801	县级市	库尔勒市
3123	3121	3	652822	县	轮台县
3124	3121	3	652823	县	尉犁县
3125	3121	3	652824	县	若羌县
3126	3121	3	652825	县	且末县
3127	3121	3	652826	自治县	焉耆回族自治县
3128	3121	3	652827	县	和静县
3129	3121	3	652828	县	和硕县
3130	3121	3	652829	县	博湖县
3131	3085	2	652900	地区	阿克苏地区
3132	3131	3	652901	县级市	阿克苏市
3133	3131	3	652902	县级市	库车市
3134	3131	3	652922	县	温宿县
3135	3131	3	652924	县	沙雅县
3136	3131	3	652925	县	新和县
3137	3131	3	652926	县	拜城县
3138	3131	3	652927	县	乌什县
3139	3131	3	652928	县	阿瓦提县
3140	3131	3	652929	县	柯坪县
3141	3085	2	653000	自治州	克孜勒苏柯尔克孜自治州
3142	3141	3	653001	县级市	阿图什市
3143	3141	3	653022	县	阿克陶县
3144	3141	3	653023	县	阿合奇县
3145	3141	3	653024	县	乌恰县
3146	3085	2	653100	地区	喀什地区
3147	3146	3	653101	县级市	喀什市
3148	3146	3	653121	县	疏附县
3149	3146	3	653122	县	疏勒县
3150	3146	3	653123	县	英吉沙县
3151	3146	3	653124	县	泽普县
3152	3146	3	653125	县	莎车县
3153	3146	3	653126	县	叶城县
3154	3146	3	653127	县	麦盖提县
3155	3146	3	653128	县	岳普湖县
3156	3146	3	653129	县	伽师县
3157	3146	3	653130	县	巴楚县
3158	3146	3	653131	自治县	塔什库尔干塔吉克自治县
3159	3085	2	653200	地区	和田地区
3160	3159	3	653201	县级市	和田市
3161	3159	3	653221	县	和田县
3162	3159	3	653222	县	墨玉县
3163	3159	3	653223	县	皮山县
3164	3159	3	653224	县	洛浦县
3165	3159	3	653225	县	策勒县
3166	3159	3	653226	县	于田县
3167	3159	3	653227	县	民丰县
3168	3159	3	653228	县	和康县
3169	3159	3	653229	县	和安县
3170	3085	2	654000	自治州	伊犁哈萨克自治州
3171	3170	3	654002	县级市	伊宁市
3172	3170	3	654003	县级市	奎屯市
3173	3170	3	654004	县级市	霍尔果斯市
3174	3170	3	654021	县	伊宁县
3175	3170	3	654022	自治县	察布查尔锡伯自治县
3176	3170	3	654023	县	霍城县
3177	3170	3	654024	县	巩留县
3178	3170	3	654025	县	新源县
3179	3170	3	654026	县	昭苏县
3180	3170	3	654027	县	特克斯县
3181	3170	3	654028	县	尼勒克县
3182	3085	2	654200	地区	塔城地区
3183	3182	3	654201	县级市	塔城市
3184	3182	3	654202	县级市	乌苏市
3185	3182	3	654203	县级市	沙湾市
3186	3182	3	654221	县	额敏县
3187	3182	3	654224	县	托里县
3188	3182	3	654225	县	裕民县
3189	3182	3	654226	自治县	和布克赛尔蒙古自治县
3190	3085	2	654300	地区	阿勒泰地区
3191	3190	3	654301	县级市	阿勒泰市
3192	3190	3	654321	县	布尔津县
3193	3190	3	654322	县	富蕴县
3194	3190	3	654323	县	福海县
3195	3190	3	654324	县	哈巴河县
3196	3190	3	654325	县	青河县
3197	3190	3	654326	县	吉木乃县
3198	3085	3	659001	县级市	石河子市
3199	3085	3	659002	县级市	阿拉尔市
3200	3085	3	659003	县级市	图木舒克市
3201	3085	3	659004	县级市	五家渠市
3202	3085	3	659005	县级市	北屯市
3203	3085	3	659006	县级市	铁门关市
3204	3085	3	659007	县级市	双河市
3205	3085	3	659008	县级市	可克达拉市
3206	3085	3	659009	县级市	昆玉市
3207	3085	3	659010	县级市	胡杨河市
3208	3085	3	659011	县级市	新星市
3209	3085	3	659012	县级市	白杨市
3210	0	1	710000	省	台湾省
3211	0	1	810000	特别行政区	香港特别行政区
3212	0	1	820000	特别行政区	澳门特别行政区
